{
"type": "FeatureCollection",
"name": "grade_espacial_df_LIMPA",
"crs": { "type": "name", "properties": { "name": "urn:ogc:def:crs:OGC:1.3:CRS84" } },
"features": [
{ "type": "Feature", "properties": { "id_celula": 0 }, "geometry": { "type": "Polygon", "coordinates": [ [ [ -48.254996631921031, -16.045767311228495 ], [ -48.250329873783372, -16.045838202151732 ], [ -48.250256629422218, -16.041325327461688 ], [ -48.254923282849674, -16.041254457518189 ], [ -48.254996631921031, -16.045767311228495 ] ] ] } },
{ "type": "Feature", "properties": { "id_celula": 373 }, "geometry": { "type": "Polygon", "coordinates": [ [ [ -48.23939489536756, -15.946695003720906 ], [ -48.234730363334776, -15.946765131369279 ], [ -48.234657944221084, -15.942252145221133 ], [ -48.23932237226947, -15.942182038442779 ], [ -48.23939489536756, -15.946695003720906 ] ] ] } },
{ "type": "Feature", "properties": { "id_celula": 489 }, "geometry": { "type": "Polygon", "coordinates": [ [ [ -48.234802805654716, -15.951278115309998 ], [ -48.230138146395575, -15.951348163151501 ], [ -48.230065808095752, -15.946835158369806 ], [ -48.234730363334776, -15.946765131369279 ], [ -48.234802805654716, -15.951278115309998 ] ] ] } },
{ "type": "Feature", "properties": { "id_celula": 490 }, "geometry": { "type": "Polygon", "coordinates": [ [ [ -48.234730363334776, -15.946765131369279 ], [ -48.230065808095752, -15.946835158369806 ], [ -48.22999349296888, -15.942322151381589 ], [ -48.234657944221084, -15.942252145221133 ], [ -48.234730363334776, -15.946765131369279 ] ] ] } },
{ "type": "Feature", "properties": { "id_celula": 607 }, "geometry": { "type": "Polygon", "coordinates": [ [ [ -48.230065808095752, -15.946835158369806 ], [ -48.225401229683769, -15.946905084720246 ], [ -48.225329018546155, -15.942392056921888 ], [ -48.22999349296888, -15.942322151381589 ], [ -48.230065808095752, -15.946835158369806 ] ] ] } },
{ "type": "Feature", "properties": { "id_celula": 608 }, "geometry": { "type": "Polygon", "coordinates": [ [ [ -48.22999349296888, -15.942322151381589 ], [ -48.225329018546155, -15.942392056921888 ], [ -48.225256830545774, -15.937879026918486 ], [ -48.22992120101253, -15.93780914218743 ], [ -48.22999349296888, -15.942322151381589 ] ] ] } },
{ "type": "Feature", "properties": { "id_celula": 725 }, "geometry": { "type": "Polygon", "coordinates": [ [ [ -48.225329018546155, -15.942392056921888 ], [ -48.220664520986197, -15.942461861839787 ], [ -48.220592436944216, -15.937948811057083 ], [ -48.225256830545774, -15.937879026918486 ], [ -48.225329018546155, -15.942392056921888 ] ] ] } },
{ "type": "Feature", "properties": { "id_celula": 1136 }, "geometry": { "type": "Polygon", "coordinates": [ [ [ -48.207063579051947, -15.671811757578389 ], [ -48.20240519141516, -15.671880020810709 ], [ -48.202334795118958, -15.667366776851646 ], [ -48.206993080781373, -15.66729853425597 ], [ -48.207063579051947, -15.671811757578389 ] ] ] } },
{ "type": "Feature", "properties": { "id_celula": 1222 }, "geometry": { "type": "Polygon", "coordinates": [ [ [ -48.204598827269322, -15.811789506121631 ], [ -48.199937239064326, -15.811858309760371 ], [ -48.199866235986981, -15.807345112596961 ], [ -48.204527721187922, -15.807276329592121 ], [ -48.204598827269322, -15.811789506121631 ] ] ] } },
{ "type": "Feature", "properties": { "id_celula": 1223 }, "geometry": { "type": "Polygon", "coordinates": [ [ [ -48.204527721187922, -15.807276329592121 ], [ -48.199866235986981, -15.807345112596961 ], [ -48.199795255808439, -15.8028319132505 ], [ -48.204456638038515, -15.802763150878688 ], [ -48.204527721187922, -15.807276329592121 ] ] ] } },
{ "type": "Feature", "properties": { "id_celula": 1252 }, "geometry": { "type": "Polygon", "coordinates": [ [ [ -48.202475610572087, -15.676393262603417 ], [ -48.197817098064746, -15.676461447606314 ], [ -48.197746780917647, -15.671948185205945 ], [ -48.20240519141516, -15.671880020810709 ], [ -48.202475610572087, -15.676393262603417 ] ] ] } },
{ "type": "Feature", "properties": { "id_celula": 1253 }, "geometry": { "type": "Polygon", "coordinates": [ [ [ -48.20240519141516, -15.671880020810709 ], [ -48.197746780917647, -15.671948185205945 ], [ -48.197676486598191, -15.667434920640094 ], [ -48.202334795118958, -15.667366776851646 ], [ -48.20240519141516, -15.671880020810709 ] ] ] } },
{ "type": "Feature", "properties": { "id_celula": 1254 }, "geometry": { "type": "Polygon", "coordinates": [ [ [ -48.202334795118958, -15.667366776851646 ], [ -48.197676486598191, -15.667434920640094 ], [ -48.19760621510401, -15.662921653909333 ], [ -48.202264421681136, -15.662853530726798 ], [ -48.202334795118958, -15.667366776851646 ] ] ] } },
{ "type": "Feature", "properties": { "id_celula": 1255 }, "geometry": { "type": "Polygon", "coordinates": [ [ [ -48.202264421681136, -15.662853530726798 ], [ -48.19760621510401, -15.662921653909333 ], [ -48.197535966432753, -15.658408385014269 ], [ -48.202194071099306, -15.658340282436777 ], [ -48.202264421681136, -15.662853530726798 ] ] ] } },
{ "type": "Feature", "properties": { "id_celula": 1256 }, "geometry": { "type": "Polygon", "coordinates": [ [ [ -48.202194071099306, -15.658340282436777 ], [ -48.197535966432753, -15.658408385014269 ], [ -48.197465740582061, -15.653895113955468 ], [ -48.202123743371125, -15.653827031982148 ], [ -48.202194071099306, -15.658340282436777 ] ] ] } },
{ "type": "Feature", "properties": { "id_celula": 1371 }, "geometry": { "type": "Polygon", "coordinates": [ [ [ -48.197676486598191, -15.667434920640094 ], [ -48.193018155252126, -15.667502965619139 ], [ -48.192947985703952, -15.662989678312334 ], [ -48.19760621510401, -15.662921653909333 ], [ -48.197676486598191, -15.667434920640094 ] ] ] } },
{ "type": "Feature", "properties": { "id_celula": 1372 }, "geometry": { "type": "Polygon", "coordinates": [ [ [ -48.19760621510401, -15.662921653909333 ], [ -48.192947985703952, -15.662989678312334 ], [ -48.192877838945627, -15.658476388842088 ], [ -48.197535966432753, -15.658408385014269 ], [ -48.19760621510401, -15.662921653909333 ] ] ] } },
{ "type": "Feature", "properties": { "id_celula": 1373 }, "geometry": { "type": "Polygon", "coordinates": [ [ [ -48.197535966432753, -15.658408385014269 ], [ -48.192877838945627, -15.658476388842088 ], [ -48.192807714974791, -15.653963097208971 ], [ -48.197465740582061, -15.653895113955468 ], [ -48.197535966432753, -15.658408385014269 ] ] ] } },
{ "type": "Feature", "properties": { "id_celula": 1452 }, "geometry": { "type": "Polygon", "coordinates": [ [ [ -48.195559456945546, -15.829979862869553 ], [ -48.19089741060408, -15.830048549279711 ], [ -48.190826522188523, -15.825535319669239 ], [ -48.195488465388358, -15.825466653836692 ], [ -48.195559456945546, -15.829979862869553 ] ] ] } },
{ "type": "Feature", "properties": { "id_celula": 1483 }, "geometry": { "type": "Polygon", "coordinates": [ [ [ -48.193369344923035, -15.690069369680963 ], [ -48.18871048054659, -15.690137418592361 ], [ -48.188640299127712, -15.685624121561055 ], [ -48.193299061390327, -15.68555609320018 ], [ -48.193369344923035, -15.690069369680963 ] ] ] } },
{ "type": "Feature", "properties": { "id_celula": 1488 }, "geometry": { "type": "Polygon", "coordinates": [ [ [ -48.193018155252126, -15.667502965619139 ], [ -48.188359801113869, -15.667570911786603 ], [ -48.188289733514061, -15.663057603933611 ], [ -48.192947985703952, -15.662989678312334 ], [ -48.193018155252126, -15.667502965619139 ] ] ] } },
{ "type": "Feature", "properties": { "id_celula": 1489 }, "geometry": { "type": "Polygon", "coordinates": [ [ [ -48.192947985703952, -15.662989678312334 ], [ -48.188289733514061, -15.663057603933611 ], [ -48.188219688671019, -15.65854429391805 ], [ -48.192877838945627, -15.658476388842088 ], [ -48.192947985703952, -15.662989678312334 ] ] ] } },
{ "type": "Feature", "properties": { "id_celula": 1490 }, "geometry": { "type": "Polygon", "coordinates": [ [ [ -48.192877838945627, -15.658476388842088 ], [ -48.188219688671019, -15.65854429391805 ], [ -48.188149666582383, -15.654030981740487 ], [ -48.192807714974791, -15.653963097208971 ], [ -48.192877838945627, -15.658476388842088 ] ] ] } },
{ "type": "Feature", "properties": { "id_celula": 1606 }, "geometry": { "type": "Polygon", "coordinates": [ [ [ -48.188289733514061, -15.663057603933611 ], [ -48.183631458567412, -15.663125430770991 ], [ -48.183561515641998, -15.658612100239974 ], [ -48.188219688671019, -15.65854429391805 ], [ -48.188289733514061, -15.663057603933611 ] ] ] } },
{ "type": "Feature", "properties": { "id_celula": 1984 }, "geometry": { "type": "Polygon", "coordinates": [ [ [ -48.172439830429688, -15.541399002093192 ], [ -48.167784227774725, -15.54146598136955 ], [ -48.167715200595346, -15.536952531395979 ], [ -48.172370702217719, -15.536885572522303 ], [ -48.172439830429688, -15.541399002093192 ] ] ] } },
{ "type": "Feature", "properties": { "id_celula": 2276 }, "geometry": { "type": "Polygon", "coordinates": [ [ [ -48.162573532810718, -15.807891785959926 ], [ -48.157911842715507, -15.807959671262914 ], [ -48.157841789381663, -15.803446287565015 ], [ -48.162503376484665, -15.803378422625887 ], [ -48.162573532810718, -15.807891785959926 ] ] ] } },
{ "type": "Feature", "properties": { "id_celula": 2277 }, "geometry": { "type": "Polygon", "coordinates": [ [ [ -48.162503376484665, -15.803378422625887 ], [ -48.157841789381663, -15.803446287565015 ], [ -48.157771758645509, -15.798932901692496 ], [ -48.162433242789504, -15.798865057116359 ], [ -48.162503376484665, -15.803378422625887 ] ] ] } },
{ "type": "Feature", "properties": { "id_celula": 2278 }, "geometry": { "type": "Polygon", "coordinates": [ [ [ -48.162433242789504, -15.798865057116359 ], [ -48.157771758645509, -15.798932901692496 ], [ -48.1577017505047, -15.794419513645948 ], [ -48.16236313172287, -15.794351689431931 ], [ -48.162433242789504, -15.798865057116359 ] ] ] } },
{ "type": "Feature", "properties": { "id_celula": 2380 }, "geometry": { "type": "Polygon", "coordinates": [ [ [ -48.158824593518027, -15.866633461180998 ], [ -48.15416153887108, -15.866701511148712 ], [ -48.154091294979082, -15.862188135428511 ], [ -48.158754246199607, -15.86212010580604 ], [ -48.158824593518027, -15.866633461180998 ] ] ] } },
{ "type": "Feature", "properties": { "id_celula": 2390 }, "geometry": { "type": "Polygon", "coordinates": [ [ [ -48.158122138326753, -15.82149980930313 ], [ -48.153460116448613, -15.821567655857574 ], [ -48.153390098401729, -15.817054258350456 ], [ -48.158052017185703, -15.816986432132559 ], [ -48.158122138326753, -15.82149980930313 ] ] ] } },
{ "type": "Feature", "properties": { "id_celula": 2391 }, "geometry": { "type": "Polygon", "coordinates": [ [ [ -48.158052017185703, -15.816986432132559 ], [ -48.153390098401729, -15.817054258350456 ], [ -48.153320102926386, -15.812540858667841 ], [ -48.157981918649405, -15.812473052785627 ], [ -48.158052017185703, -15.816986432132559 ] ] ] } },
{ "type": "Feature", "properties": { "id_celula": 2392 }, "geometry": { "type": "Polygon", "coordinates": [ [ [ -48.157981918649405, -15.812473052785627 ], [ -48.153320102926386, -15.812540858667841 ], [ -48.153250130020254, -15.808027456810315 ], [ -48.157911842715507, -15.807959671262914 ], [ -48.157981918649405, -15.812473052785627 ] ] ] } },
{ "type": "Feature", "properties": { "id_celula": 2393 }, "geometry": { "type": "Polygon", "coordinates": [ [ [ -48.157911842715507, -15.807959671262914 ], [ -48.153250130020254, -15.808027456810315 ], [ -48.153180179680973, -15.803514052778464 ], [ -48.157841789381663, -15.803446287565015 ], [ -48.157911842715507, -15.807959671262914 ] ] ] } },
{ "type": "Feature", "properties": { "id_celula": 2398 }, "geometry": { "type": "Polygon", "coordinates": [ [ [ -48.157561801999691, -15.785392731033095 ], [ -48.152900603945319, -15.785460414919411 ], [ -48.152830766405032, -15.780947000024652 ], [ -48.157491861630795, -15.780879336467954 ], [ -48.157561801999691, -15.785392731033095 ] ] ] } },
{ "type": "Feature", "properties": { "id_celula": 2491 }, "geometry": { "type": "Polygon", "coordinates": [ [ [ -48.154583476853055, -15.893781719629811 ], [ -48.149919778337647, -15.893849791360926 ], [ -48.14984950245357, -15.889336408420267 ], [ -48.154513097340661, -15.889268357009685 ], [ -48.154583476853055, -15.893781719629811 ] ] ] } },
{ "type": "Feature", "properties": { "id_celula": 2492 }, "geometry": { "type": "Polygon", "coordinates": [ [ [ -48.154513097340661, -15.889268357009685 ], [ -48.14984950245357, -15.889336408420267 ], [ -48.149779249145531, -15.884823023295688 ], [ -48.154442740437581, -15.884754992204769 ], [ -48.154513097340661, -15.889268357009685 ] ] ] } },
{ "type": "Feature", "properties": { "id_celula": 2507 }, "geometry": { "type": "Polygon", "coordinates": [ [ [ -48.153460116448613, -15.821567655857574 ], [ -48.148798071996559, -15.821635402564512 ], [ -48.148728157046193, -15.817121984750756 ], [ -48.153390098401729, -15.817054258350456 ], [ -48.153460116448613, -15.821567655857574 ] ] ] } },
{ "type": "Feature", "properties": { "id_celula": 2508 }, "geometry": { "type": "Polygon", "coordinates": [ [ [ -48.153390098401729, -15.817054258350456 ], [ -48.148728157046193, -15.817121984750756 ], [ -48.148658264634172, -15.812608564762376 ], [ -48.153320102926386, -15.812540858667841 ], [ -48.153390098401729, -15.817054258350456 ] ] ] } },
{ "type": "Feature", "properties": { "id_celula": 2509 }, "geometry": { "type": "Polygon", "coordinates": [ [ [ -48.153320102926386, -15.812540858667841 ], [ -48.148658264634172, -15.812608564762376 ], [ -48.148588394758157, -15.808095142599946 ], [ -48.153250130020254, -15.808027456810315 ], [ -48.153320102926386, -15.812540858667841 ] ] ] } },
{ "type": "Feature", "properties": { "id_celula": 2510 }, "geometry": { "type": "Polygon", "coordinates": [ [ [ -48.153250130020254, -15.808027456810315 ], [ -48.148588394758157, -15.808095142599946 ], [ -48.148518547415783, -15.803581718264059 ], [ -48.153180179680973, -15.803514052778464 ], [ -48.153250130020254, -15.808027456810315 ] ] ] } },
{ "type": "Feature", "properties": { "id_celula": 2511 }, "geometry": { "type": "Polygon", "coordinates": [ [ [ -48.153180179680973, -15.803514052778464 ], [ -48.148518547415783, -15.803581718264059 ], [ -48.148448722604705, -15.79906829175529 ], [ -48.153110251906185, -15.799000646572864 ], [ -48.153180179680973, -15.803514052778464 ] ] ] } },
{ "type": "Feature", "properties": { "id_celula": 2607 }, "geometry": { "type": "Polygon", "coordinates": [ [ [ -48.149990076800151, -15.898363172117069 ], [ -48.145326252042395, -15.89843116381113 ], [ -48.145256057243834, -15.893917762763516 ], [ -48.149919778337647, -15.893849791360926 ], [ -48.149990076800151, -15.898363172117069 ] ] ] } },
{ "type": "Feature", "properties": { "id_celula": 2608 }, "geometry": { "type": "Polygon", "coordinates": [ [ [ -48.149919778337647, -15.893849791360926 ], [ -48.145256057243834, -15.893917762763516 ], [ -48.145185884990418, -15.889404359532268 ], [ -48.14984950245357, -15.889336408420267 ], [ -48.149919778337647, -15.893849791360926 ] ] ] } },
{ "type": "Feature", "properties": { "id_celula": 2609 }, "geometry": { "type": "Polygon", "coordinates": [ [ [ -48.14984950245357, -15.889336408420267 ], [ -48.145185884990418, -15.889404359532268 ], [ -48.145115735279788, -15.88489095411796 ], [ -48.149779249145531, -15.884823023295688 ], [ -48.14984950245357, -15.889336408420267 ] ] ] } },
{ "type": "Feature", "properties": { "id_celula": 2610 }, "geometry": { "type": "Polygon", "coordinates": [ [ [ -48.149779249145531, -15.884823023295688 ], [ -48.145115735279788, -15.88489095411796 ], [ -48.145045608109591, -15.880377546521167 ], [ -48.14970901841118, -15.880309635987752 ], [ -48.149779249145531, -15.884823023295688 ] ] ] } },
{ "type": "Feature", "properties": { "id_celula": 2622 }, "geometry": { "type": "Polygon", "coordinates": [ [ [ -48.148937969521732, -15.830662231665819 ], [ -48.144275696231595, -15.830729919079102 ], [ -48.14420583936279, -15.826216485337888 ], [ -48.148868009487614, -15.826148818203063 ], [ -48.148937969521732, -15.830662231665819 ] ] ] } },
{ "type": "Feature", "properties": { "id_celula": 2624 }, "geometry": { "type": "Polygon", "coordinates": [ [ [ -48.148798071996559, -15.821635402564512 ], [ -48.144136005003816, -15.821703049421757 ], [ -48.144066193152319, -15.817189611331292 ], [ -48.148728157046193, -15.817121984750756 ], [ -48.148798071996559, -15.821635402564512 ] ] ] } },
{ "type": "Feature", "properties": { "id_celula": 2625 }, "geometry": { "type": "Polygon", "coordinates": [ [ [ -48.148728157046193, -15.817121984750756 ], [ -48.144066193152319, -15.817189611331292 ], [ -48.143996403805964, -15.812676171067052 ], [ -48.148658264634172, -15.812608564762376 ], [ -48.148728157046193, -15.817121984750756 ] ] ] } },
{ "type": "Feature", "properties": { "id_celula": 2626 }, "geometry": { "type": "Polygon", "coordinates": [ [ [ -48.148658264634172, -15.812608564762376 ], [ -48.143996403805964, -15.812676171067052 ], [ -48.143926636962398, -15.808162728629636 ], [ -48.148588394758157, -15.808095142599946 ], [ -48.148658264634172, -15.812608564762376 ] ] ] } },
{ "type": "Feature", "properties": { "id_celula": 2627 }, "geometry": { "type": "Polygon", "coordinates": [ [ [ -48.148588394758157, -15.808095142599946 ], [ -48.143926636962398, -15.808162728629636 ], [ -48.14385689261929, -15.803649284019622 ], [ -48.148518547415783, -15.803581718264059 ], [ -48.148588394758157, -15.808095142599946 ] ] ] } },
{ "type": "Feature", "properties": { "id_celula": 2695 }, "geometry": { "type": "Polygon", "coordinates": [ [ [ -48.147371718982292, -16.029318841698696 ], [ -48.142704850867375, -16.029387320995642 ], [ -48.142634105861291, -16.024873963239262 ], [ -48.147300869343638, -16.024805504229175 ], [ -48.147371718982292, -16.029318841698696 ] ] ] } },
{ "type": "Feature", "properties": { "id_celula": 2724 }, "geometry": { "type": "Polygon", "coordinates": [ [ [ -48.145326252042395, -15.89843116381113 ], [ -48.140662404737135, -15.89849905514455 ], [ -48.14059231360487, -15.89398563383541 ], [ -48.145256057243834, -15.893917762763516 ], [ -48.145326252042395, -15.89843116381113 ] ] ] } },
{ "type": "Feature", "properties": { "id_celula": 2725 }, "geometry": { "type": "Polygon", "coordinates": [ [ [ -48.145256057243834, -15.893917762763516 ], [ -48.14059231360487, -15.89398563383541 ], [ -48.140522244984489, -15.889472210343506 ], [ -48.145185884990418, -15.889404359532268 ], [ -48.145256057243834, -15.893917762763516 ] ] ] } },
{ "type": "Feature", "properties": { "id_celula": 2726 }, "geometry": { "type": "Polygon", "coordinates": [ [ [ -48.145185884990418, -15.889404359532268 ], [ -48.140522244984489, -15.889472210343506 ], [ -48.140452198873625, -15.884958784669404 ], [ -48.145115735279788, -15.88489095411796 ], [ -48.145185884990418, -15.889404359532268 ] ] ] } },
{ "type": "Feature", "properties": { "id_celula": 2727 }, "geometry": { "type": "Polygon", "coordinates": [ [ [ -48.145115735279788, -15.88489095411796 ], [ -48.140452198873625, -15.884958784669404 ], [ -48.140382175269927, -15.88044535681369 ], [ -48.145045608109591, -15.880377546521167 ], [ -48.145115735279788, -15.88489095411796 ] ] ] } },
{ "type": "Feature", "properties": { "id_celula": 2736 }, "geometry": { "type": "Polygon", "coordinates": [ [ [ -48.144485401920498, -15.844270207247366 ], [ -48.139822796415913, -15.84433785549972 ], [ -48.139752975270838, -15.839824408035655 ], [ -48.144415477508105, -15.839756780034417 ], [ -48.144485401920498, -15.844270207247366 ] ] ] } },
{ "type": "Feature", "properties": { "id_celula": 2743 }, "geometry": { "type": "Polygon", "coordinates": [ [ [ -48.143996403805964, -15.812676171067052 ], [ -48.139334520474961, -15.812743677579702 ], [ -48.139264856666202, -15.808230214897213 ], [ -48.143926636962398, -15.808162728629636 ], [ -48.143996403805964, -15.812676171067052 ] ] ] } },
{ "type": "Feature", "properties": { "id_celula": 2744 }, "geometry": { "type": "Polygon", "coordinates": [ [ [ -48.143926636962398, -15.808162728629636 ], [ -48.139264856666202, -15.808230214897213 ], [ -48.13919521532469, -15.803716750042993 ], [ -48.14385689261929, -15.803649284019622 ], [ -48.143926636962398, -15.808162728629636 ] ] ] } },
{ "type": "Feature", "properties": { "id_celula": 2745 }, "geometry": { "type": "Polygon", "coordinates": [ [ [ -48.14385689261929, -15.803649284019622 ], [ -48.13919521532469, -15.803716750042993 ], [ -48.139125596448082, -15.799203283017613 ], [ -48.143787170774274, -15.799135837237595 ], [ -48.14385689261929, -15.803649284019622 ] ] ] } },
{ "type": "Feature", "properties": { "id_celula": 2746 }, "geometry": { "type": "Polygon", "coordinates": [ [ [ -48.143787170774274, -15.799135837237595 ], [ -48.139125596448082, -15.799203283017613 ], [ -48.139056000034039, -15.794689813821657 ], [ -48.143717471425028, -15.794622388284127 ], [ -48.143787170774274, -15.799135837237595 ] ] ] } },
{ "type": "Feature", "properties": { "id_celula": 2747 }, "geometry": { "type": "Polygon", "coordinates": [ [ [ -48.143717471425028, -15.794622388284127 ], [ -48.139056000034039, -15.794689813821657 ], [ -48.138986426080223, -15.79017634245572 ], [ -48.143647794569191, -15.790108937159808 ], [ -48.143717471425028, -15.794622388284127 ] ] ] } },
{ "type": "Feature", "properties": { "id_celula": 2748 }, "geometry": { "type": "Polygon", "coordinates": [ [ [ -48.143647794569191, -15.790108937159808 ], [ -48.138986426080223, -15.79017634245572 ], [ -48.138916874584297, -15.785662868920365 ], [ -48.14357814020444, -15.785595483865217 ], [ -48.143647794569191, -15.790108937159808 ] ] ] } },
{ "type": "Feature", "properties": { "id_celula": 2749 }, "geometry": { "type": "Polygon", "coordinates": [ [ [ -48.14357814020444, -15.785595483865217 ], [ -48.138916874584297, -15.785662868920365 ], [ -48.138847345543915, -15.781149393216179 ], [ -48.143508508328416, -15.781082028400933 ], [ -48.14357814020444, -15.785595483865217 ] ] ] } },
{ "type": "Feature", "properties": { "id_celula": 2750 }, "geometry": { "type": "Polygon", "coordinates": [ [ [ -48.143508508328416, -15.781082028400933 ], [ -48.138847345543915, -15.781149393216179 ], [ -48.138777838956756, -15.776635915343746 ], [ -48.143438898938797, -15.776568570767537 ], [ -48.143508508328416, -15.781082028400933 ] ] ] } },
{ "type": "Feature", "properties": { "id_celula": 2818 }, "geometry": { "type": "Polygon", "coordinates": [ [ [ -48.142280719492533, -16.002307141475086 ], [ -48.137614456103854, -16.002375398012308 ], [ -48.137543950980557, -15.997862006815442 ], [ -48.142210109934439, -15.997793770529839 ], [ -48.142280719492533, -16.002307141475086 ] ] ] } },
{ "type": "Feature", "properties": { "id_celula": 2833 }, "geometry": { "type": "Polygon", "coordinates": [ [ [ -48.141223944506052, -15.934606346968241 ], [ -48.136559244139221, -15.934674299822811 ], [ -48.136489076761883, -15.930160875758201 ], [ -48.141153673193784, -15.930092943142169 ], [ -48.141223944506052, -15.934606346968241 ] ] ] } },
{ "type": "Feature", "properties": { "id_celula": 2842 }, "geometry": { "type": "Polygon", "coordinates": [ [ [ -48.14059231360487, -15.89398563383541 ], [ -48.135928547454029, -15.894053404574423 ], [ -48.135858582469027, -15.889539960851794 ], [ -48.140522244984489, -15.889472210343506 ], [ -48.14059231360487, -15.89398563383541 ] ] ] } },
{ "type": "Feature", "properties": { "id_celula": 2853 }, "geometry": { "type": "Polygon", "coordinates": [ [ [ -48.139822796415913, -15.84433785549972 ], [ -48.135160168425337, -15.844405403748448 ], [ -48.135090450549917, -15.839891936063177 ], [ -48.139752975270838, -15.839824408035655 ], [ -48.139822796415913, -15.84433785549972 ] ] ] } },
{ "type": "Feature", "properties": { "id_celula": 2859 }, "geometry": { "type": "Polygon", "coordinates": [ [ [ -48.139404206753305, -15.817257138089877 ], [ -48.13474219788236, -15.817324565024355 ], [ -48.134672614674372, -15.812811084298158 ], [ -48.139334520474961, -15.812743677579702 ], [ -48.139404206753305, -15.817257138089877 ] ] ] } },
{ "type": "Feature", "properties": { "id_celula": 2860 }, "geometry": { "type": "Polygon", "coordinates": [ [ [ -48.139334520474961, -15.812743677579702 ], [ -48.134672614674372, -15.812811084298158 ], [ -48.134603053902758, -15.808297601400511 ], [ -48.139264856666202, -15.808230214897213 ], [ -48.139334520474961, -15.812743677579702 ] ] ] } },
{ "type": "Feature", "properties": { "id_celula": 2861 }, "geometry": { "type": "Polygon", "coordinates": [ [ [ -48.139264856666202, -15.808230214897213 ], [ -48.134603053902758, -15.808297601400511 ], [ -48.134533515565188, -15.803784116331991 ], [ -48.13919521532469, -15.803716750042993 ], [ -48.139264856666202, -15.808230214897213 ] ] ] } },
{ "type": "Feature", "properties": { "id_celula": 2862 }, "geometry": { "type": "Polygon", "coordinates": [ [ [ -48.13919521532469, -15.803716750042993 ], [ -48.134533515565188, -15.803784116331991 ], [ -48.134463999659324, -15.799270629093177 ], [ -48.139125596448082, -15.799203283017613 ], [ -48.13919521532469, -15.803716750042993 ] ] ] } },
{ "type": "Feature", "properties": { "id_celula": 2863 }, "geometry": { "type": "Polygon", "coordinates": [ [ [ -48.139125596448082, -15.799203283017613 ], [ -48.134463999659324, -15.799270629093177 ], [ -48.134394506182829, -15.794757139684654 ], [ -48.139056000034039, -15.794689813821657 ], [ -48.139125596448082, -15.799203283017613 ] ] ] } },
{ "type": "Feature", "properties": { "id_celula": 2864 }, "geometry": { "type": "Polygon", "coordinates": [ [ [ -48.139056000034039, -15.794689813821657 ], [ -48.134394506182829, -15.794757139684654 ], [ -48.134325035133365, -15.790243648106994 ], [ -48.138986426080223, -15.79017634245572 ], [ -48.139056000034039, -15.794689813821657 ] ] ] } },
{ "type": "Feature", "properties": { "id_celula": 2865 }, "geometry": { "type": "Polygon", "coordinates": [ [ [ -48.138986426080223, -15.79017634245572 ], [ -48.134325035133365, -15.790243648106994 ], [ -48.134255586508601, -15.785730154360785 ], [ -48.138916874584297, -15.785662868920365 ], [ -48.138986426080223, -15.79017634245572 ] ] ] } },
{ "type": "Feature", "properties": { "id_celula": 2866 }, "geometry": { "type": "Polygon", "coordinates": [ [ [ -48.138916874584297, -15.785662868920365 ], [ -48.134255586508601, -15.785730154360785 ], [ -48.134186160306214, -15.781216658446612 ], [ -48.138847345543915, -15.781149393216179 ], [ -48.138916874584297, -15.785662868920365 ] ] ] } },
{ "type": "Feature", "properties": { "id_celula": 2867 }, "geometry": { "type": "Polygon", "coordinates": [ [ [ -48.138847345543915, -15.781149393216179 ], [ -48.134186160306214, -15.781216658446612 ], [ -48.134116756523845, -15.776703160365042 ], [ -48.138777838956756, -15.776635915343746 ], [ -48.138847345543915, -15.781149393216179 ] ] ] } },
{ "type": "Feature", "properties": { "id_celula": 2902 }, "geometry": { "type": "Polygon", "coordinates": [ [ [ -48.136427958035497, -15.623176381725862 ], [ -48.131770351246558, -15.623242940146151 ], [ -48.13170173070263, -15.618729366572271 ], [ -48.136359235846008, -15.618662828331203 ], [ -48.136427958035497, -15.623176381725862 ] ] ] } },
{ "type": "Feature", "properties": { "id_celula": 2953 }, "geometry": { "type": "Polygon", "coordinates": [ [ [ -48.136348809497271, -15.92113402106993 ], [ -48.131684398342585, -15.921201812696772 ], [ -48.131614402287994, -15.916688361868284 ], [ -48.136278709605271, -15.916620590447419 ], [ -48.136348809497271, -15.92113402106993 ] ] ] } },
{ "type": "Feature", "properties": { "id_celula": 2961 }, "geometry": { "type": "Polygon", "coordinates": [ [ [ -48.135788639960289, -15.885026514947841 ], [ -48.131125058573055, -15.885094144951095 ], [ -48.131055242109433, -15.880580676667348 ], [ -48.135718719925457, -15.880513066863145 ], [ -48.135788639960289, -15.885026514947841 ] ] ] } },
{ "type": "Feature", "properties": { "id_celula": 2970 }, "geometry": { "type": "Polygon", "coordinates": [ [ [ -48.135160168425337, -15.844405403748448 ], [ -48.130497517981979, -15.844472851991368 ], [ -48.130427903378575, -15.83995936411482 ], [ -48.135090450549917, -15.839891936063177 ], [ -48.135160168425337, -15.844405403748448 ] ] ] } },
{ "type": "Feature", "properties": { "id_celula": 2973 }, "geometry": { "type": "Polygon", "coordinates": [ [ [ -48.134951082148014, -15.830864994168401 ], [ -48.130288741421005, -15.830932381840087 ], [ -48.130219194062171, -15.826418887443047 ], [ -48.134881431616847, -15.826351519960051 ], [ -48.134951082148014, -15.830864994168401 ] ] ] } },
{ "type": "Feature", "properties": { "id_celula": 2974 }, "geometry": { "type": "Polygon", "coordinates": [ [ [ -48.134881431616847, -15.826351519960051 ], [ -48.130219194062171, -15.826418887443047 ], [ -48.130149669113514, -15.821905390873676 ], [ -48.134811803529075, -15.821838043578515 ], [ -48.134881431616847, -15.826351519960051 ] ] ] } },
{ "type": "Feature", "properties": { "id_celula": 2975 }, "geometry": { "type": "Polygon", "coordinates": [ [ [ -48.134811803529075, -15.821838043578515 ], [ -48.130149669113514, -15.821905390873676 ], [ -48.130080166572704, -15.817391892132559 ], [ -48.13474219788236, -15.817324565024355 ], [ -48.134811803529075, -15.821838043578515 ] ] ] } },
{ "type": "Feature", "properties": { "id_celula": 2976 }, "geometry": { "type": "Polygon", "coordinates": [ [ [ -48.13474219788236, -15.817324565024355 ], [ -48.130080166572704, -15.817391892132559 ], [ -48.130010686437402, -15.812878391220259 ], [ -48.134672614674372, -15.812811084298158 ], [ -48.13474219788236, -15.817324565024355 ] ] ] } },
{ "type": "Feature", "properties": { "id_celula": 2977 }, "geometry": { "type": "Polygon", "coordinates": [ [ [ -48.134672614674372, -15.812811084298158 ], [ -48.130010686437402, -15.812878391220259 ], [ -48.129941228705277, -15.808364888137371 ], [ -48.134603053902758, -15.808297601400511 ], [ -48.134672614674372, -15.812811084298158 ] ] ] } },
{ "type": "Feature", "properties": { "id_celula": 2978 }, "geometry": { "type": "Polygon", "coordinates": [ [ [ -48.134603053902758, -15.808297601400511 ], [ -48.129941228705277, -15.808364888137371 ], [ -48.129871793373987, -15.803851382884467 ], [ -48.134533515565188, -15.803784116331991 ], [ -48.134603053902758, -15.808297601400511 ] ] ] } },
{ "type": "Feature", "properties": { "id_celula": 2979 }, "geometry": { "type": "Polygon", "coordinates": [ [ [ -48.134533515565188, -15.803784116331991 ], [ -48.129871793373987, -15.803851382884467 ], [ -48.129802380441198, -15.799337875462127 ], [ -48.134463999659324, -15.799270629093177 ], [ -48.134533515565188, -15.803784116331991 ] ] ] } },
{ "type": "Feature", "properties": { "id_celula": 2980 }, "geometry": { "type": "Polygon", "coordinates": [ [ [ -48.134463999659324, -15.799270629093177 ], [ -48.129802380441198, -15.799337875462127 ], [ -48.129732989904582, -15.794824365870939 ], [ -48.134394506182829, -15.794757139684654 ], [ -48.134463999659324, -15.799270629093177 ] ] ] } },
{ "type": "Feature", "properties": { "id_celula": 2981 }, "geometry": { "type": "Polygon", "coordinates": [ [ [ -48.134394506182829, -15.794757139684654 ], [ -48.129732989904582, -15.794824365870939 ], [ -48.129663621761814, -15.79031085411148 ], [ -48.134325035133365, -15.790243648106994 ], [ -48.134394506182829, -15.794757139684654 ] ] ] } },
{ "type": "Feature", "properties": { "id_celula": 2982 }, "geometry": { "type": "Polygon", "coordinates": [ [ [ -48.134325035133365, -15.790243648106994 ], [ -48.129663621761814, -15.79031085411148 ], [ -48.12959427601055, -15.785797340184327 ], [ -48.134255586508601, -15.785730154360785 ], [ -48.134325035133365, -15.790243648106994 ] ] ] } },
{ "type": "Feature", "properties": { "id_celula": 3075 }, "geometry": { "type": "Polygon", "coordinates": [ [ [ -48.131334642617162, -15.898634536720754 ], [ -48.126670727869005, -15.898702126959185 ], [ -48.126600947749772, -15.894188645045098 ], [ -48.131264758824564, -15.894121074978381 ], [ -48.131334642617162, -15.898634536720754 ] ] ] } },
{ "type": "Feature", "properties": { "id_celula": 3076 }, "geometry": { "type": "Polygon", "coordinates": [ [ [ -48.131264758824564, -15.894121074978381 ], [ -48.126600947749772, -15.894188645045098 ], [ -48.126531190042606, -15.889675160950844 ], [ -48.131194897477314, -15.889607611054968 ], [ -48.131264758824564, -15.894121074978381 ] ] ] } },
{ "type": "Feature", "properties": { "id_celula": 3077 }, "geometry": { "type": "Polygon", "coordinates": [ [ [ -48.131194897477314, -15.889607611054968 ], [ -48.126531190042606, -15.889675160950844 ], [ -48.126461454745169, -15.885161674676995 ], [ -48.131125058573055, -15.885094144951095 ], [ -48.131194897477314, -15.889607611054968 ] ] ] } },
{ "type": "Feature", "properties": { "id_celula": 3078 }, "geometry": { "type": "Polygon", "coordinates": [ [ [ -48.131125058573055, -15.885094144951095 ], [ -48.126461454745169, -15.885161674676995 ], [ -48.126391741855109, -15.880648186224136 ], [ -48.131055242109433, -15.880580676667348 ], [ -48.131125058573055, -15.885094144951095 ] ] ] } },
{ "type": "Feature", "properties": { "id_celula": 3084 }, "geometry": { "type": "Polygon", "coordinates": [ [ [ -48.130706496318808, -15.858013302570743 ], [ -48.126043513433473, -15.858080711294907 ], [ -48.125973934938479, -15.85356720978014 ], [ -48.130636814449765, -15.853499821219909 ], [ -48.130706496318808, -15.858013302570743 ] ] ] } },
{ "type": "Feature", "properties": { "id_celula": 3086 }, "geometry": { "type": "Polygon", "coordinates": [ [ [ -48.130567155004933, -15.848986337693251 ], [ -48.125904378834463, -15.849053706090416 ], [ -48.125834845119094, -15.844540200226316 ], [ -48.130497517981979, -15.844472851991368 ], [ -48.130567155004933, -15.848986337693251 ] ] ] } },
{ "type": "Feature", "properties": { "id_celula": 3087 }, "geometry": { "type": "Polygon", "coordinates": [ [ [ -48.130497517981979, -15.844472851991368 ], [ -48.125834845119094, -15.844540200226316 ], [ -48.125765333790028, -15.84002669218842 ], [ -48.130427903378575, -15.83995936411482 ], [ -48.130497517981979, -15.844472851991368 ] ] ] } },
{ "type": "Feature", "properties": { "id_celula": 3088 }, "geometry": { "type": "Polygon", "coordinates": [ [ [ -48.130427903378575, -15.83995936411482 ], [ -48.125765333790028, -15.84002669218842 ], [ -48.125695844844934, -15.835513181977312 ], [ -48.13035831119236, -15.835445874064197 ], [ -48.130427903378575, -15.83995936411482 ] ] ] } },
{ "type": "Feature", "properties": { "id_celula": 3089 }, "geometry": { "type": "Polygon", "coordinates": [ [ [ -48.13035831119236, -15.835445874064197 ], [ -48.125695844844934, -15.835513181977312 ], [ -48.125626378281474, -15.830999669593568 ], [ -48.130288741421005, -15.830932381840087 ], [ -48.13035831119236, -15.835445874064197 ] ] ] } },
{ "type": "Feature", "properties": { "id_celula": 3091 }, "geometry": { "type": "Polygon", "coordinates": [ [ [ -48.130219194062171, -15.826418887443047 ], [ -48.125556934097311, -15.826486155037767 ], [ -48.125487512290114, -15.821972638310491 ], [ -48.130149669113514, -15.821905390873676 ], [ -48.130219194062171, -15.826418887443047 ] ] ] } },
{ "type": "Feature", "properties": { "id_celula": 3092 }, "geometry": { "type": "Polygon", "coordinates": [ [ [ -48.130149669113514, -15.821905390873676 ], [ -48.125487512290114, -15.821972638310491 ], [ -48.125418112857538, -15.817459119412325 ], [ -48.130080166572704, -15.817391892132559 ], [ -48.130149669113514, -15.821905390873676 ] ] ] } },
{ "type": "Feature", "properties": { "id_celula": 3093 }, "geometry": { "type": "Polygon", "coordinates": [ [ [ -48.130080166572704, -15.817391892132559 ], [ -48.125418112857538, -15.817459119412325 ], [ -48.12534873579726, -15.812945598343841 ], [ -48.130010686437402, -15.812878391220259 ], [ -48.130080166572704, -15.817391892132559 ] ] ] } },
{ "type": "Feature", "properties": { "id_celula": 3094 }, "geometry": { "type": "Polygon", "coordinates": [ [ [ -48.130010686437402, -15.812878391220259 ], [ -48.12534873579726, -15.812945598343841 ], [ -48.125279381106949, -15.808432075105623 ], [ -48.129941228705277, -15.808364888137371 ], [ -48.130010686437402, -15.812878391220259 ] ] ] } },
{ "type": "Feature", "properties": { "id_celula": 3095 }, "geometry": { "type": "Polygon", "coordinates": [ [ [ -48.129941228705277, -15.808364888137371 ], [ -48.125279381106949, -15.808432075105623 ], [ -48.125210048784268, -15.803918549698251 ], [ -48.129871793373987, -15.803851382884467 ], [ -48.129941228705277, -15.808364888137371 ] ] ] } },
{ "type": "Feature", "properties": { "id_celula": 3096 }, "geometry": { "type": "Polygon", "coordinates": [ [ [ -48.129871793373987, -15.803851382884467 ], [ -48.125210048784268, -15.803918549698251 ], [ -48.1251407388269, -15.799405022122301 ], [ -48.129802380441198, -15.799337875462127 ], [ -48.129871793373987, -15.803851382884467 ] ] ] } },
{ "type": "Feature", "properties": { "id_celula": 3097 }, "geometry": { "type": "Polygon", "coordinates": [ [ [ -48.129802380441198, -15.799337875462127 ], [ -48.1251407388269, -15.799405022122301 ], [ -48.1250714512325, -15.794891492378364 ], [ -48.129732989904582, -15.794824365870939 ], [ -48.129802380441198, -15.799337875462127 ] ] ] } },
{ "type": "Feature", "properties": { "id_celula": 3098 }, "geometry": { "type": "Polygon", "coordinates": [ [ [ -48.129732989904582, -15.794824365870939 ], [ -48.1250714512325, -15.794891492378364 ], [ -48.125002185998746, -15.790377960467016 ], [ -48.129663621761814, -15.79031085411148 ], [ -48.129732989904582, -15.794824365870939 ] ] ] } },
{ "type": "Feature", "properties": { "id_celula": 3099 }, "geometry": { "type": "Polygon", "coordinates": [ [ [ -48.129663621761814, -15.79031085411148 ], [ -48.125002185998746, -15.790377960467016 ], [ -48.124932943123312, -15.785864426388828 ], [ -48.12959427601055, -15.785797340184327 ], [ -48.129663621761814, -15.79031085411148 ] ] ] } },
{ "type": "Feature", "properties": { "id_celula": 3100 }, "geometry": { "type": "Polygon", "coordinates": [ [ [ -48.12959427601055, -15.785797340184327 ], [ -48.124932943123312, -15.785864426388828 ], [ -48.12486372260387, -15.781350890144392 ], [ -48.12952495264846, -15.781283824090067 ], [ -48.12959427601055, -15.785797340184327 ] ] ] } },
{ "type": "Feature", "properties": { "id_celula": 3191 }, "geometry": { "type": "Polygon", "coordinates": [ [ [ -48.126740530402657, -15.903215606692516 ], [ -48.122076489531089, -15.90328311670423 ], [ -48.122006790706422, -15.898769616828266 ], [ -48.126670727869005, -15.898702126959185 ], [ -48.126740530402657, -15.903215606692516 ] ] ] } },
{ "type": "Feature", "properties": { "id_celula": 3192 }, "geometry": { "type": "Polygon", "coordinates": [ [ [ -48.126670727869005, -15.898702126959185 ], [ -48.122006790706422, -15.898769616828266 ], [ -48.121937114262899, -15.894256114772421 ], [ -48.126600947749772, -15.894188645045098 ], [ -48.126670727869005, -15.898702126959185 ] ] ] } },
{ "type": "Feature", "properties": { "id_celula": 3193 }, "geometry": { "type": "Polygon", "coordinates": [ [ [ -48.126600947749772, -15.894188645045098 ], [ -48.121937114262899, -15.894256114772421 ], [ -48.121867460198175, -15.889742610537258 ], [ -48.126531190042606, -15.889675160950844 ], [ -48.126600947749772, -15.894188645045098 ] ] ] } },
{ "type": "Feature", "properties": { "id_celula": 3194 }, "geometry": { "type": "Polygon", "coordinates": [ [ [ -48.126531190042606, -15.889675160950844 ], [ -48.121867460198175, -15.889742610537258 ], [ -48.121797828509912, -15.885229104123374 ], [ -48.126461454745169, -15.885161674676995 ], [ -48.126531190042606, -15.889675160950844 ] ] ] } },
{ "type": "Feature", "properties": { "id_celula": 3195 }, "geometry": { "type": "Polygon", "coordinates": [ [ [ -48.126461454745169, -15.885161674676995 ], [ -48.121797828509912, -15.885229104123374 ], [ -48.121728219195759, -15.880715595531331 ], [ -48.126391741855109, -15.880648186224136 ], [ -48.126461454745169, -15.885161674676995 ] ] ] } },
{ "type": "Feature", "properties": { "id_celula": 3196 }, "geometry": { "type": "Polygon", "coordinates": [ [ [ -48.126391741855109, -15.880648186224136 ], [ -48.121728219195759, -15.880715595531331 ], [ -48.121658632253379, -15.87620208476172 ], [ -48.126322051370096, -15.876134695592835 ], [ -48.126391741855109, -15.880648186224136 ] ] ] } },
{ "type": "Feature", "properties": { "id_celula": 3200 }, "geometry": { "type": "Polygon", "coordinates": [ [ [ -48.12611311432179, -15.862594210634137 ], [ -48.121450005633491, -15.862661539393251 ], [ -48.121380508154814, -15.858148019919151 ], [ -48.126043513433473, -15.858080711294907 ], [ -48.12611311432179, -15.862594210634137 ] ] ] } },
{ "type": "Feature", "properties": { "id_celula": 3201 }, "geometry": { "type": "Polygon", "coordinates": [ [ [ -48.126043513433473, -15.858080711294907 ], [ -48.121380508154814, -15.858148019919151 ], [ -48.121311033036207, -15.853634498270377 ], [ -48.125973934938479, -15.85356720978014 ], [ -48.126043513433473, -15.858080711294907 ] ] ] } },
{ "type": "Feature", "properties": { "id_celula": 3202 }, "geometry": { "type": "Polygon", "coordinates": [ [ [ -48.125973934938479, -15.85356720978014 ], [ -48.121311033036207, -15.853634498270377 ], [ -48.121241580275353, -15.84912097444751 ], [ -48.125904378834463, -15.849053706090416 ], [ -48.125973934938479, -15.85356720978014 ] ] ] } },
{ "type": "Feature", "properties": { "id_celula": 3203 }, "geometry": { "type": "Polygon", "coordinates": [ [ [ -48.125904378834463, -15.849053706090416 ], [ -48.121241580275353, -15.84912097444751 ], [ -48.121172149869899, -15.844607448451129 ], [ -48.125834845119094, -15.844540200226316 ], [ -48.125904378834463, -15.849053706090416 ] ] ] } },
{ "type": "Feature", "properties": { "id_celula": 3204 }, "geometry": { "type": "Polygon", "coordinates": [ [ [ -48.125834845119094, -15.844540200226316 ], [ -48.121172149869899, -15.844607448451129 ], [ -48.121102741817523, -15.840093920281811 ], [ -48.125765333790028, -15.84002669218842 ], [ -48.125834845119094, -15.844540200226316 ] ] ] } },
{ "type": "Feature", "properties": { "id_celula": 3205 }, "geometry": { "type": "Polygon", "coordinates": [ [ [ -48.125765333790028, -15.84002669218842 ], [ -48.121102741817523, -15.840093920281811 ], [ -48.121033356115881, -15.835580389940137 ], [ -48.125695844844934, -15.835513181977312 ], [ -48.125765333790028, -15.84002669218842 ] ] ] } },
{ "type": "Feature", "properties": { "id_celula": 3206 }, "geometry": { "type": "Polygon", "coordinates": [ [ [ -48.125695844844934, -15.835513181977312 ], [ -48.121033356115881, -15.835580389940137 ], [ -48.120963992762647, -15.831066857426693 ], [ -48.125626378281474, -15.830999669593568 ], [ -48.125695844844934, -15.835513181977312 ] ] ] } },
{ "type": "Feature", "properties": { "id_celula": 3207 }, "geometry": { "type": "Polygon", "coordinates": [ [ [ -48.125626378281474, -15.830999669593568 ], [ -48.120963992762647, -15.831066857426693 ], [ -48.120894651755485, -15.826553322742047 ], [ -48.125556934097311, -15.826486155037767 ], [ -48.125626378281474, -15.830999669593568 ] ] ] } },
{ "type": "Feature", "properties": { "id_celula": 3209 }, "geometry": { "type": "Polygon", "coordinates": [ [ [ -48.125487512290114, -15.821972638310491 ], [ -48.120825333092071, -15.822039785886782 ], [ -48.120756036770068, -15.817526246861494 ], [ -48.125418112857538, -15.817459119412325 ], [ -48.125487512290114, -15.821972638310491 ] ] ] } },
{ "type": "Feature", "properties": { "id_celula": 3210 }, "geometry": { "type": "Polygon", "coordinates": [ [ [ -48.125418112857538, -15.817459119412325 ], [ -48.120756036770068, -15.817526246861494 ], [ -48.120686762787152, -15.813012705666742 ], [ -48.12534873579726, -15.812945598343841 ], [ -48.125418112857538, -15.817459119412325 ] ] ] } },
{ "type": "Feature", "properties": { "id_celula": 3211 }, "geometry": { "type": "Polygon", "coordinates": [ [ [ -48.12534873579726, -15.812945598343841 ], [ -48.120686762787152, -15.813012705666742 ], [ -48.120617511140992, -15.808499162303113 ], [ -48.125279381106949, -15.808432075105623 ], [ -48.12534873579726, -15.812945598343841 ] ] ] } },
{ "type": "Feature", "properties": { "id_celula": 3212 }, "geometry": { "type": "Polygon", "coordinates": [ [ [ -48.125279381106949, -15.808432075105623 ], [ -48.120617511140992, -15.808499162303113 ], [ -48.120548281829258, -15.803985616771191 ], [ -48.125210048784268, -15.803918549698251 ], [ -48.125279381106949, -15.808432075105623 ] ] ] } },
{ "type": "Feature", "properties": { "id_celula": 3213 }, "geometry": { "type": "Polygon", "coordinates": [ [ [ -48.125210048784268, -15.803918549698251 ], [ -48.120548281829258, -15.803985616771191 ], [ -48.120479074849626, -15.799472069071552 ], [ -48.1251407388269, -15.799405022122301 ], [ -48.125210048784268, -15.803918549698251 ] ] ] } },
{ "type": "Feature", "properties": { "id_celula": 3214 }, "geometry": { "type": "Polygon", "coordinates": [ [ [ -48.1251407388269, -15.799405022122301 ], [ -48.120479074849626, -15.799472069071552 ], [ -48.120409890199767, -15.794958519204776 ], [ -48.1250714512325, -15.794891492378364 ], [ -48.1251407388269, -15.799405022122301 ] ] ] } },
{ "type": "Feature", "properties": { "id_celula": 3215 }, "geometry": { "type": "Polygon", "coordinates": [ [ [ -48.1250714512325, -15.794891492378364 ], [ -48.120409890199767, -15.794958519204776 ], [ -48.120340727877362, -15.790444967171444 ], [ -48.125002185998746, -15.790377960467016 ], [ -48.1250714512325, -15.794891492378364 ] ] ] } },
{ "type": "Feature", "properties": { "id_celula": 3216 }, "geometry": { "type": "Polygon", "coordinates": [ [ [ -48.125002185998746, -15.790377960467016 ], [ -48.120340727877362, -15.790444967171444 ], [ -48.120271587880083, -15.785931412972138 ], [ -48.124932943123312, -15.785864426388828 ], [ -48.125002185998746, -15.790377960467016 ] ] ] } },
{ "type": "Feature", "properties": { "id_celula": 3306 }, "geometry": { "type": "Polygon", "coordinates": [ [ [ -48.122215954333242, -15.912310109914173 ], [ -48.117551683555689, -15.91237755975239 ], [ -48.117482043739585, -15.907864044123531 ], [ -48.122146210739253, -15.907796614399725 ], [ -48.122215954333242, -15.912310109914173 ] ] ] } },
{ "type": "Feature", "properties": { "id_celula": 3309 }, "geometry": { "type": "Polygon", "coordinates": [ [ [ -48.122006790706422, -15.898769616828266 ], [ -48.117342831162702, -15.898837006325842 ], [ -48.117273258397233, -15.894323484158161 ], [ -48.121937114262899, -15.894256114772421 ], [ -48.122006790706422, -15.898769616828266 ] ] ] } },
{ "type": "Feature", "properties": { "id_celula": 3310 }, "geometry": { "type": "Polygon", "coordinates": [ [ [ -48.121937114262899, -15.894256114772421 ], [ -48.117273258397233, -15.894323484158161 ], [ -48.117203707977289, -15.889809959812041 ], [ -48.121867460198175, -15.889742610537258 ], [ -48.121937114262899, -15.894256114772421 ] ] ] } },
{ "type": "Feature", "properties": { "id_celula": 3311 }, "geometry": { "type": "Polygon", "coordinates": [ [ [ -48.121867460198175, -15.889742610537258 ], [ -48.117203707977289, -15.889809959812041 ], [ -48.117134179900539, -15.885296433288056 ], [ -48.121797828509912, -15.885229104123374 ], [ -48.121867460198175, -15.889742610537258 ] ] ] } },
{ "type": "Feature", "properties": { "id_celula": 3312 }, "geometry": { "type": "Polygon", "coordinates": [ [ [ -48.121797828509912, -15.885229104123374 ], [ -48.117134179900539, -15.885296433288056 ], [ -48.117064674164638, -15.880782904586772 ], [ -48.121728219195759, -15.880715595531331 ], [ -48.121797828509912, -15.885229104123374 ] ] ] } },
{ "type": "Feature", "properties": { "id_celula": 3313 }, "geometry": { "type": "Polygon", "coordinates": [ [ [ -48.121728219195759, -15.880715595531331 ], [ -48.117064674164638, -15.880782904586772 ], [ -48.116995190767241, -15.876269373708785 ], [ -48.121658632253379, -15.87620208476172 ], [ -48.121728219195759, -15.880715595531331 ] ] ] } },
{ "type": "Feature", "properties": { "id_celula": 3317 }, "geometry": { "type": "Polygon", "coordinates": [ [ [ -48.121450005633491, -15.862661539393251 ], [ -48.116786874582779, -15.862728768020352 ], [ -48.116717480516066, -15.858215228441322 ], [ -48.121380508154814, -15.858148019919151 ], [ -48.121450005633491, -15.862661539393251 ] ] ] } },
{ "type": "Feature", "properties": { "id_celula": 3318 }, "geometry": { "type": "Polygon", "coordinates": [ [ [ -48.121380508154814, -15.858148019919151 ], [ -48.116717480516066, -15.858215228441322 ], [ -48.116648108776197, -15.853701686688472 ], [ -48.121311033036207, -15.853634498270377 ], [ -48.121380508154814, -15.858148019919151 ] ] ] } },
{ "type": "Feature", "properties": { "id_celula": 3319 }, "geometry": { "type": "Polygon", "coordinates": [ [ [ -48.121311033036207, -15.853634498270377 ], [ -48.116648108776197, -15.853701686688472 ], [ -48.116578759360827, -15.849188142762385 ], [ -48.121241580275353, -15.84912097444751 ], [ -48.121311033036207, -15.853634498270377 ] ] ] } },
{ "type": "Feature", "properties": { "id_celula": 3320 }, "geometry": { "type": "Polygon", "coordinates": [ [ [ -48.121241580275353, -15.84912097444751 ], [ -48.116578759360827, -15.849188142762385 ], [ -48.116509432267634, -15.844674596663651 ], [ -48.121172149869899, -15.844607448451129 ], [ -48.121241580275353, -15.84912097444751 ] ] ] } },
{ "type": "Feature", "properties": { "id_celula": 3321 }, "geometry": { "type": "Polygon", "coordinates": [ [ [ -48.121172149869899, -15.844607448451129 ], [ -48.116509432267634, -15.844674596663651 ], [ -48.116440127494272, -15.840161048392844 ], [ -48.121102741817523, -15.840093920281811 ], [ -48.121172149869899, -15.844607448451129 ] ] ] } },
{ "type": "Feature", "properties": { "id_celula": 3322 }, "geometry": { "type": "Polygon", "coordinates": [ [ [ -48.121102741817523, -15.840093920281811 ], [ -48.116440127494272, -15.840161048392844 ], [ -48.116370845038418, -15.835647497950525 ], [ -48.121033356115881, -15.835580389940137 ], [ -48.121102741817523, -15.840093920281811 ] ] ] } },
{ "type": "Feature", "properties": { "id_celula": 3323 }, "geometry": { "type": "Polygon", "coordinates": [ [ [ -48.121033356115881, -15.835580389940137 ], [ -48.116370845038418, -15.835647497950525 ], [ -48.116301584897748, -15.831133945337303 ], [ -48.120963992762647, -15.831066857426693 ], [ -48.121033356115881, -15.835580389940137 ] ] ] } },
{ "type": "Feature", "properties": { "id_celula": 3324 }, "geometry": { "type": "Polygon", "coordinates": [ [ [ -48.120963992762647, -15.831066857426693 ], [ -48.116301584897748, -15.831133945337303 ], [ -48.116232347069918, -15.826620390553733 ], [ -48.120894651755485, -15.826553322742047 ], [ -48.120963992762647, -15.831066857426693 ] ] ] } },
{ "type": "Feature", "properties": { "id_celula": 3325 }, "geometry": { "type": "Polygon", "coordinates": [ [ [ -48.120894651755485, -15.826553322742047 ], [ -48.116232347069918, -15.826620390553733 ], [ -48.116163131552625, -15.822106833600408 ], [ -48.120825333092071, -15.822039785886782 ], [ -48.120894651755485, -15.826553322742047 ] ] ] } },
{ "type": "Feature", "properties": { "id_celula": 3326 }, "geometry": { "type": "Polygon", "coordinates": [ [ [ -48.120825333092071, -15.822039785886782 ], [ -48.116163131552625, -15.822106833600408 ], [ -48.116093938343518, -15.817593274477909 ], [ -48.120756036770068, -15.817526246861494 ], [ -48.120825333092071, -15.822039785886782 ] ] ] } },
{ "type": "Feature", "properties": { "id_celula": 3327 }, "geometry": { "type": "Polygon", "coordinates": [ [ [ -48.120756036770068, -15.817526246861494 ], [ -48.116093938343518, -15.817593274477909 ], [ -48.116024767440287, -15.813079713186807 ], [ -48.120686762787152, -15.813012705666742 ], [ -48.120756036770068, -15.817526246861494 ] ] ] } },
{ "type": "Feature", "properties": { "id_celula": 3328 }, "geometry": { "type": "Polygon", "coordinates": [ [ [ -48.120686762787152, -15.813012705666742 ], [ -48.116024767440287, -15.813079713186807 ], [ -48.115955618840609, -15.808566149727691 ], [ -48.120617511140992, -15.808499162303113 ], [ -48.120686762787152, -15.813012705666742 ] ] ] } },
{ "type": "Feature", "properties": { "id_celula": 3329 }, "geometry": { "type": "Polygon", "coordinates": [ [ [ -48.120617511140992, -15.808499162303113 ], [ -48.115955618840609, -15.808566149727691 ], [ -48.115886492542145, -15.804052584101134 ], [ -48.120548281829258, -15.803985616771191 ], [ -48.120617511140992, -15.808499162303113 ] ] ] } },
{ "type": "Feature", "properties": { "id_celula": 3330 }, "geometry": { "type": "Polygon", "coordinates": [ [ [ -48.120548281829258, -15.803985616771191 ], [ -48.115886492542145, -15.804052584101134 ], [ -48.115817388542581, -15.799539016307715 ], [ -48.120479074849626, -15.799472069071552 ], [ -48.120548281829258, -15.803985616771191 ] ] ] } },
{ "type": "Feature", "properties": { "id_celula": 3331 }, "geometry": { "type": "Polygon", "coordinates": [ [ [ -48.120479074849626, -15.799472069071552 ], [ -48.115817388542581, -15.799539016307715 ], [ -48.115748306839592, -15.795025446348014 ], [ -48.120409890199767, -15.794958519204776 ], [ -48.120479074849626, -15.799472069071552 ] ] ] } },
{ "type": "Feature", "properties": { "id_celula": 3332 }, "geometry": { "type": "Polygon", "coordinates": [ [ [ -48.120409890199767, -15.794958519204776 ], [ -48.115748306839592, -15.795025446348014 ], [ -48.115679247430855, -15.79051187422262 ], [ -48.120340727877362, -15.790444967171444 ], [ -48.120409890199767, -15.794958519204776 ] ] ] } },
{ "type": "Feature", "properties": { "id_celula": 3333 }, "geometry": { "type": "Polygon", "coordinates": [ [ [ -48.120340727877362, -15.790444967171444 ], [ -48.115679247430855, -15.79051187422262 ], [ -48.115610210314053, -15.785998299932094 ], [ -48.120271587880083, -15.785931412972138 ], [ -48.120340727877362, -15.790444967171444 ] ] ] } },
{ "type": "Feature", "properties": { "id_celula": 3340 }, "geometry": { "type": "Polygon", "coordinates": [ [ [ -48.119857216594035, -15.758850042323266 ], [ -48.115196455614019, -15.758916808753909 ], [ -48.115127574475856, -15.754403219323779 ], [ -48.119788232807643, -15.75433647297837 ], [ -48.119857216594035, -15.758850042323266 ] ] ] } },
{ "type": "Feature", "properties": { "id_celula": 3426 }, "geometry": { "type": "Polygon", "coordinates": [ [ [ -48.117342831162702, -15.898837006325842 ], [ -48.112678849271106, -15.898904295449729 ], [ -48.112609380186036, -15.894390753200172 ], [ -48.117273258397233, -15.894323484158161 ], [ -48.117342831162702, -15.898837006325842 ] ] ] } },
{ "type": "Feature", "properties": { "id_celula": 3427 }, "geometry": { "type": "Polygon", "coordinates": [ [ [ -48.117273258397233, -15.894323484158161 ], [ -48.112609380186036, -15.894390753200172 ], [ -48.112539933413217, -15.889877208773033 ], [ -48.117203707977289, -15.889809959812041 ], [ -48.117273258397233, -15.894323484158161 ] ] ] } },
{ "type": "Feature", "properties": { "id_celula": 3429 }, "geometry": { "type": "Polygon", "coordinates": [ [ [ -48.117134179900539, -15.885296433288056 ], [ -48.11247050895031, -15.885363662168885 ], [ -48.112401106794998, -15.880850113388302 ], [ -48.117064674164638, -15.880782904586772 ], [ -48.117134179900539, -15.885296433288056 ] ] ] } },
{ "type": "Feature", "properties": { "id_celula": 3430 }, "geometry": { "type": "Polygon", "coordinates": [ [ [ -48.117064674164638, -15.880782904586772 ], [ -48.112401106794998, -15.880850113388302 ], [ -48.11233172694493, -15.876336562431872 ], [ -48.116995190767241, -15.876269373708785 ], [ -48.117064674164638, -15.880782904586772 ] ] ] } },
{ "type": "Feature", "properties": { "id_celula": 3431 }, "geometry": { "type": "Polygon", "coordinates": [ [ [ -48.116995190767241, -15.876269373708785 ], [ -48.11233172694493, -15.876336562431872 ], [ -48.112262369397783, -15.871823009300178 ], [ -48.116925729706026, -15.87175584065467 ], [ -48.116995190767241, -15.876269373708785 ] ] ] } },
{ "type": "Feature", "properties": { "id_celula": 3434 }, "geometry": { "type": "Polygon", "coordinates": [ [ [ -48.116786874582779, -15.862728768020352 ], [ -48.112123721202892, -15.86279589651328 ], [ -48.112054430550494, -15.858282336859247 ], [ -48.116717480516066, -15.858215228441322 ], [ -48.116786874582779, -15.862728768020352 ] ] ] } },
{ "type": "Feature", "properties": { "id_celula": 3435 }, "geometry": { "type": "Polygon", "coordinates": [ [ [ -48.116717480516066, -15.858215228441322 ], [ -48.112054430550494, -15.858282336859247 ], [ -48.111985162191687, -15.85376877503225 ], [ -48.116648108776197, -15.853701686688472 ], [ -48.116717480516066, -15.858215228441322 ] ] ] } },
{ "type": "Feature", "properties": { "id_celula": 3436 }, "geometry": { "type": "Polygon", "coordinates": [ [ [ -48.116648108776197, -15.853701686688472 ], [ -48.111985162191687, -15.85376877503225 ], [ -48.11191591612414, -15.849255211032885 ], [ -48.116578759360827, -15.849188142762385 ], [ -48.116648108776197, -15.853701686688472 ] ] ] } },
{ "type": "Feature", "properties": { "id_celula": 3437 }, "geometry": { "type": "Polygon", "coordinates": [ [ [ -48.116578759360827, -15.849188142762385 ], [ -48.11191591612414, -15.849255211032885 ], [ -48.111846692345523, -15.84474164486172 ], [ -48.116509432267634, -15.844674596663651 ], [ -48.116578759360827, -15.849188142762385 ] ] ] } },
{ "type": "Feature", "properties": { "id_celula": 3438 }, "geometry": { "type": "Polygon", "coordinates": [ [ [ -48.116509432267634, -15.844674596663651 ], [ -48.111846692345523, -15.84474164486172 ], [ -48.111777490853513, -15.840228076519336 ], [ -48.116440127494272, -15.840161048392844 ], [ -48.116509432267634, -15.844674596663651 ] ] ] } },
{ "type": "Feature", "properties": { "id_celula": 3439 }, "geometry": { "type": "Polygon", "coordinates": [ [ [ -48.116440127494272, -15.840161048392844 ], [ -48.111777490853513, -15.840228076519336 ], [ -48.111708311645771, -15.835714506006317 ], [ -48.116370845038418, -15.835647497950525 ], [ -48.116440127494272, -15.840161048392844 ] ] ] } },
{ "type": "Feature", "properties": { "id_celula": 3440 }, "geometry": { "type": "Polygon", "coordinates": [ [ [ -48.116370845038418, -15.835647497950525 ], [ -48.111708311645771, -15.835714506006317 ], [ -48.111639154719995, -15.831200933323238 ], [ -48.116301584897748, -15.831133945337303 ], [ -48.116370845038418, -15.835647497950525 ] ] ] } },
{ "type": "Feature", "properties": { "id_celula": 3441 }, "geometry": { "type": "Polygon", "coordinates": [ [ [ -48.116301584897748, -15.831133945337303 ], [ -48.111639154719995, -15.831200933323238 ], [ -48.111570020073835, -15.826687358470668 ], [ -48.116232347069918, -15.826620390553733 ], [ -48.116301584897748, -15.831133945337303 ] ] ] } },
{ "type": "Feature", "properties": { "id_celula": 3442 }, "geometry": { "type": "Polygon", "coordinates": [ [ [ -48.116232347069918, -15.826620390553733 ], [ -48.111570020073835, -15.826687358470668 ], [ -48.111500907704979, -15.822173781449207 ], [ -48.116163131552625, -15.822106833600408 ], [ -48.116232347069918, -15.826620390553733 ] ] ] } },
{ "type": "Feature", "properties": { "id_celula": 3443 }, "geometry": { "type": "Polygon", "coordinates": [ [ [ -48.116163131552625, -15.822106833600408 ], [ -48.111500907704979, -15.822173781449207 ], [ -48.111431817611106, -15.817660202259422 ], [ -48.116093938343518, -15.817593274477909 ], [ -48.116163131552625, -15.822106833600408 ] ] ] } },
{ "type": "Feature", "properties": { "id_celula": 3444 }, "geometry": { "type": "Polygon", "coordinates": [ [ [ -48.116093938343518, -15.817593274477909 ], [ -48.111431817611106, -15.817660202259422 ], [ -48.111362749789883, -15.81314662090189 ], [ -48.116024767440287, -15.813079713186807 ], [ -48.116093938343518, -15.817593274477909 ] ] ] } },
{ "type": "Feature", "properties": { "id_celula": 3445 }, "geometry": { "type": "Polygon", "coordinates": [ [ [ -48.116024767440287, -15.813079713186807 ], [ -48.111362749789883, -15.81314662090189 ], [ -48.111293704238996, -15.808633037377199 ], [ -48.115955618840609, -15.808566149727691 ], [ -48.116024767440287, -15.813079713186807 ] ] ] } },
{ "type": "Feature", "properties": { "id_celula": 3446 }, "geometry": { "type": "Polygon", "coordinates": [ [ [ -48.115955618840609, -15.808566149727691 ], [ -48.111293704238996, -15.808633037377199 ], [ -48.111224680956127, -15.804119451685924 ], [ -48.115886492542145, -15.804052584101134 ], [ -48.115955618840609, -15.808566149727691 ] ] ] } },
{ "type": "Feature", "properties": { "id_celula": 3447 }, "geometry": { "type": "Polygon", "coordinates": [ [ [ -48.115886492542145, -15.804052584101134 ], [ -48.111224680956127, -15.804119451685924 ], [ -48.111155679938953, -15.799605863828646 ], [ -48.115817388542581, -15.799539016307715 ], [ -48.115886492542145, -15.804052584101134 ] ] ] } },
{ "type": "Feature", "properties": { "id_celula": 3448 }, "geometry": { "type": "Polygon", "coordinates": [ [ [ -48.115817388542581, -15.799539016307715 ], [ -48.111155679938953, -15.799605863828646 ], [ -48.111086701185151, -15.795092273805937 ], [ -48.115748306839592, -15.795025446348014 ], [ -48.115817388542581, -15.799539016307715 ] ] ] } },
{ "type": "Feature", "properties": { "id_celula": 3489 }, "geometry": { "type": "Polygon", "coordinates": [ [ [ -48.113003295359, -15.614480878268882 ], [ -48.108345780486999, -15.614546903904037 ], [ -48.108277712545714, -15.610033225598123 ], [ -48.112935125826802, -15.609967219991191 ], [ -48.113003295359, -15.614480878268882 ] ] ] } },
{ "type": "Feature", "properties": { "id_celula": 3535 }, "geometry": { "type": "Polygon", "coordinates": [ [ [ -48.113235405473567, -15.935012554983649 ], [ -48.108570570607256, -15.935079904178197 ], [ -48.108501026888973, -15.930566359311328 ], [ -48.113165757806236, -15.930499030175611 ], [ -48.113235405473567, -15.935012554983649 ] ] ] } },
{ "type": "Feature", "properties": { "id_celula": 3536 }, "geometry": { "type": "Polygon", "coordinates": [ [ [ -48.113165757806236, -15.930499030175611 ], [ -48.108501026888973, -15.930566359311328 ], [ -48.10843150546836, -15.926052812263116 ], [ -48.113096132469877, -15.925985503185359 ], [ -48.113165757806236, -15.930499030175611 ] ] ] } },
{ "type": "Feature", "properties": { "id_celula": 3543 }, "geometry": { "type": "Polygon", "coordinates": [ [ [ -48.112678849271106, -15.898904295449729 ], [ -48.108014845064922, -15.898971484197782 ], [ -48.107945479662575, -15.894457921896285 ], [ -48.112609380186036, -15.894390753200172 ], [ -48.112678849271106, -15.898904295449729 ] ] ] } },
{ "type": "Feature", "properties": { "id_celula": 3544 }, "geometry": { "type": "Polygon", "coordinates": [ [ [ -48.112609380186036, -15.894390753200172 ], [ -48.107945479662575, -15.894457921896285 ], [ -48.107876136539218, -15.889944357418059 ], [ -48.112539933413217, -15.889877208773033 ], [ -48.112609380186036, -15.894390753200172 ] ] ] } },
{ "type": "Feature", "properties": { "id_celula": 3545 }, "geometry": { "type": "Polygon", "coordinates": [ [ [ -48.112539933413217, -15.889877208773033 ], [ -48.107876136539218, -15.889944357418059 ], [ -48.107806815692506, -15.885430790763692 ], [ -48.11247050895031, -15.885363662168885 ], [ -48.112539933413217, -15.889877208773033 ] ] ] } },
{ "type": "Feature", "properties": { "id_celula": 3546 }, "geometry": { "type": "Polygon", "coordinates": [ [ [ -48.11247050895031, -15.885363662168885 ], [ -48.107806815692506, -15.885430790763692 ], [ -48.107737517120107, -15.880917221933757 ], [ -48.112401106794998, -15.880850113388302 ], [ -48.11247050895031, -15.885363662168885 ] ] ] } },
{ "type": "Feature", "properties": { "id_celula": 3547 }, "geometry": { "type": "Polygon", "coordinates": [ [ [ -48.112401106794998, -15.880850113388302 ], [ -48.107737517120107, -15.880917221933757 ], [ -48.107668240819699, -15.876403650928825 ], [ -48.11233172694493, -15.876336562431872 ], [ -48.112401106794998, -15.880850113388302 ] ] ] } },
{ "type": "Feature", "properties": { "id_celula": 3548 }, "geometry": { "type": "Polygon", "coordinates": [ [ [ -48.11233172694493, -15.876336562431872 ], [ -48.107668240819699, -15.876403650928825 ], [ -48.10759898678895, -15.871890077749491 ], [ -48.112262369397783, -15.871823009300178 ], [ -48.11233172694493, -15.876336562431872 ] ] ] } },
{ "type": "Feature", "properties": { "id_celula": 3552 }, "geometry": { "type": "Polygon", "coordinates": [ [ [ -48.112054430550494, -15.858282336859247 ], [ -48.107391358291338, -15.858349345170772 ], [ -48.107322193315923, -15.853835763299571 ], [ -48.111985162191687, -15.85376877503225 ], [ -48.112054430550494, -15.858282336859247 ] ] ] } },
{ "type": "Feature", "properties": { "id_celula": 3553 }, "geometry": { "type": "Polygon", "coordinates": [ [ [ -48.111985162191687, -15.85376877503225 ], [ -48.107322193315923, -15.853835763299571 ], [ -48.107253050598516, -15.849322179256848 ], [ -48.11191591612414, -15.849255211032885 ], [ -48.111985162191687, -15.85376877503225 ] ] ] } },
{ "type": "Feature", "properties": { "id_celula": 3554 }, "geometry": { "type": "Polygon", "coordinates": [ [ [ -48.11191591612414, -15.849255211032885 ], [ -48.107253050598516, -15.849322179256848 ], [ -48.107183930136813, -15.844808593043183 ], [ -48.111846692345523, -15.84474164486172 ], [ -48.11191591612414, -15.849255211032885 ] ] ] } },
{ "type": "Feature", "properties": { "id_celula": 3555 }, "geometry": { "type": "Polygon", "coordinates": [ [ [ -48.111846692345523, -15.84474164486172 ], [ -48.107183930136813, -15.844808593043183 ], [ -48.107114831928477, -15.840295004659163 ], [ -48.111777490853513, -15.840228076519336 ], [ -48.111846692345523, -15.84474164486172 ] ] ] } },
{ "type": "Feature", "properties": { "id_celula": 3556 }, "geometry": { "type": "Polygon", "coordinates": [ [ [ -48.111777490853513, -15.840228076519336 ], [ -48.107114831928477, -15.840295004659163 ], [ -48.107045755971178, -15.835781414105352 ], [ -48.111708311645771, -15.835714506006317 ], [ -48.111777490853513, -15.840228076519336 ] ] ] } },
{ "type": "Feature", "properties": { "id_celula": 3557 }, "geometry": { "type": "Polygon", "coordinates": [ [ [ -48.111708311645771, -15.835714506006317 ], [ -48.107045755971178, -15.835781414105352 ], [ -48.106976702262614, -15.831267821382347 ], [ -48.111639154719995, -15.831200933323238 ], [ -48.111708311645771, -15.835714506006317 ] ] ] } },
{ "type": "Feature", "properties": { "id_celula": 3559 }, "geometry": { "type": "Polygon", "coordinates": [ [ [ -48.111570020073835, -15.826687358470668 ], [ -48.106907670800446, -15.826754226490708 ], [ -48.106838661582358, -15.822240629431025 ], [ -48.111500907704979, -15.822173781449207 ], [ -48.111570020073835, -15.826687358470668 ] ] ] } },
{ "type": "Feature", "properties": { "id_celula": 3560 }, "geometry": { "type": "Polygon", "coordinates": [ [ [ -48.111500907704979, -15.822173781449207 ], [ -48.106838661582358, -15.822240629431025 ], [ -48.106769674606028, -15.81772703020388 ], [ -48.111431817611106, -15.817660202259422 ], [ -48.111500907704979, -15.822173781449207 ] ] ] } },
{ "type": "Feature", "properties": { "id_celula": 3561 }, "geometry": { "type": "Polygon", "coordinates": [ [ [ -48.111431817611106, -15.817660202259422 ], [ -48.106769674606028, -15.81772703020388 ], [ -48.106700709869138, -15.81321342880984 ], [ -48.111362749789883, -15.81314662090189 ], [ -48.111431817611106, -15.817660202259422 ] ] ] } },
{ "type": "Feature", "properties": { "id_celula": 3562 }, "geometry": { "type": "Polygon", "coordinates": [ [ [ -48.111362749789883, -15.81314662090189 ], [ -48.106700709869138, -15.81321342880984 ], [ -48.106631767369379, -15.808699825249498 ], [ -48.111293704238996, -15.808633037377199 ], [ -48.111362749789883, -15.81314662090189 ] ] ] } },
{ "type": "Feature", "properties": { "id_celula": 3563 }, "geometry": { "type": "Polygon", "coordinates": [ [ [ -48.111293704238996, -15.808633037377199 ], [ -48.106631767369379, -15.808699825249498 ], [ -48.106562847104421, -15.804186219523423 ], [ -48.111224680956127, -15.804119451685924 ], [ -48.111293704238996, -15.808633037377199 ] ] ] } },
{ "type": "Feature", "properties": { "id_celula": 3564 }, "geometry": { "type": "Polygon", "coordinates": [ [ [ -48.111224680956127, -15.804119451685924 ], [ -48.106562847104421, -15.804186219523423 ], [ -48.106493949071954, -15.799672611632193 ], [ -48.111155679938953, -15.799605863828646 ], [ -48.111224680956127, -15.804119451685924 ] ] ] } },
{ "type": "Feature", "properties": { "id_celula": 3565 }, "geometry": { "type": "Polygon", "coordinates": [ [ [ -48.111155679938953, -15.799605863828646 ], [ -48.106493949071954, -15.799672611632193 ], [ -48.106425073269655, -15.795159001576391 ], [ -48.111086701185151, -15.795092273805937 ], [ -48.111155679938953, -15.799605863828646 ] ] ] } },
{ "type": "Feature", "properties": { "id_celula": 3566 }, "geometry": { "type": "Polygon", "coordinates": [ [ [ -48.111086701185151, -15.795092273805937 ], [ -48.106425073269655, -15.795159001576391 ], [ -48.106356219695229, -15.790645389356605 ], [ -48.111017744692411, -15.790578681618388 ], [ -48.111086701185151, -15.795092273805937 ] ] ] } },
{ "type": "Feature", "properties": { "id_celula": 3631 }, "geometry": { "type": "Polygon", "coordinates": [ [ [ -48.110036143607822, -16.029863841466227 ], [ -48.105369095763365, -16.029931510848893 ], [ -48.105299187903348, -16.025417991876921 ], [ -48.109966131096265, -16.025350342541273 ], [ -48.110036143607822, -16.029863841466227 ] ] ] } },
{ "type": "Feature", "properties": { "id_celula": 3652 }, "geometry": { "type": "Polygon", "coordinates": [ [ [ -48.108570570607256, -15.935079904178197 ], [ -48.10390571344093, -15.935147152755142 ], [ -48.103836273674034, -15.930633587859401 ], [ -48.108501026888973, -15.930566359311328 ], [ -48.108570570607256, -15.935079904178197 ] ] ] } },
{ "type": "Feature", "properties": { "id_celula": 3653 }, "geometry": { "type": "Polygon", "coordinates": [ [ [ -48.108501026888973, -15.930566359311328 ], [ -48.103836273674034, -15.930633587859401 ], [ -48.103766856171504, -15.926120020783175 ], [ -48.10843150546836, -15.926052812263116 ], [ -48.108501026888973, -15.930566359311328 ] ] ] } },
{ "type": "Feature", "properties": { "id_celula": 3654 }, "geometry": { "type": "Polygon", "coordinates": [ [ [ -48.10843150546836, -15.926052812263116 ], [ -48.103766856171504, -15.926120020783175 ], [ -48.103697460931016, -15.92160645152703 ], [ -48.108362006343086, -15.92153926303412 ], [ -48.10843150546836, -15.926052812263116 ] ] ] } },
{ "type": "Feature", "properties": { "id_celula": 3655 }, "geometry": { "type": "Polygon", "coordinates": [ [ [ -48.108362006343086, -15.92153926303412 ], [ -48.103697460931016, -15.92160645152703 ], [ -48.103628087950227, -15.917092880091552 ], [ -48.108292529510805, -15.917025711624929 ], [ -48.108362006343086, -15.92153926303412 ] ] ] } },
{ "type": "Feature", "properties": { "id_celula": 3661 }, "geometry": { "type": "Polygon", "coordinates": [ [ [ -48.107945479662575, -15.894457921896285 ], [ -48.103281556860139, -15.89452499024434 ], [ -48.103212317388568, -15.89001140574498 ], [ -48.107876136539218, -15.889944357418059 ], [ -48.107945479662575, -15.894457921896285 ] ] ] } },
{ "type": "Feature", "properties": { "id_celula": 3662 }, "geometry": { "type": "Polygon", "coordinates": [ [ [ -48.107876136539218, -15.889944357418059 ], [ -48.103212317388568, -15.89001140574498 ], [ -48.103143100160374, -15.885497819070334 ], [ -48.107806815692506, -15.885430790763692 ], [ -48.107876136539218, -15.889944357418059 ] ] ] } },
{ "type": "Feature", "properties": { "id_celula": 3663 }, "geometry": { "type": "Polygon", "coordinates": [ [ [ -48.107806815692506, -15.885430790763692 ], [ -48.103143100160374, -15.885497819070334 ], [ -48.103073905173233, -15.880984230220976 ], [ -48.107737517120107, -15.880917221933757 ], [ -48.107806815692506, -15.885430790763692 ] ] ] } },
{ "type": "Feature", "properties": { "id_celula": 3664 }, "geometry": { "type": "Polygon", "coordinates": [ [ [ -48.107737517120107, -15.880917221933757 ], [ -48.103073905173233, -15.880984230220976 ], [ -48.103004732424814, -15.876470639197489 ], [ -48.107668240819699, -15.876403650928825 ], [ -48.107737517120107, -15.880917221933757 ] ] ] } },
{ "type": "Feature", "properties": { "id_celula": 3665 }, "geometry": { "type": "Polygon", "coordinates": [ [ [ -48.107668240819699, -15.876403650928825 ], [ -48.103004732424814, -15.876470639197489 ], [ -48.102935581912789, -15.871957046000444 ], [ -48.10759898678895, -15.871890077749491 ], [ -48.107668240819699, -15.876403650928825 ] ] ] } },
{ "type": "Feature", "properties": { "id_celula": 3666 }, "geometry": { "type": "Polygon", "coordinates": [ [ [ -48.10759898678895, -15.871890077749491 ], [ -48.102935581912789, -15.871957046000444 ], [ -48.102866453634832, -15.867443450630416 ], [ -48.107529755025517, -15.867376502396306 ], [ -48.10759898678895, -15.871890077749491 ] ] ] } },
{ "type": "Feature", "properties": { "id_celula": 3671 }, "geometry": { "type": "Polygon", "coordinates": [ [ [ -48.107253050598516, -15.849322179256848 ], [ -48.102590162817201, -15.849389047432126 ], [ -48.102521145674736, -15.844875441205895 ], [ -48.107183930136813, -15.844808593043183 ], [ -48.107253050598516, -15.849322179256848 ] ] ] } },
{ "type": "Feature", "properties": { "id_celula": 3672 }, "geometry": { "type": "Polygon", "coordinates": [ [ [ -48.107183930136813, -15.844808593043183 ], [ -48.102521145674736, -15.844875441205895 ], [ -48.102452150752391, -15.840361832810165 ], [ -48.107114831928477, -15.840295004659163 ], [ -48.107183930136813, -15.844808593043183 ] ] ] } },
{ "type": "Feature", "properties": { "id_celula": 3673 }, "geometry": { "type": "Polygon", "coordinates": [ [ [ -48.107114831928477, -15.840295004659163 ], [ -48.102452150752391, -15.840361832810165 ], [ -48.102383178047873, -15.835848222245497 ], [ -48.107045755971178, -15.835781414105352 ], [ -48.107114831928477, -15.840295004659163 ] ] ] } },
{ "type": "Feature", "properties": { "id_celula": 3674 }, "geometry": { "type": "Polygon", "coordinates": [ [ [ -48.107045755971178, -15.835781414105352 ], [ -48.102383178047873, -15.835848222245497 ], [ -48.102314227558836, -15.831334609512488 ], [ -48.106976702262614, -15.831267821382347 ], [ -48.107045755971178, -15.835781414105352 ] ] ] } },
{ "type": "Feature", "properties": { "id_celula": 3675 }, "geometry": { "type": "Polygon", "coordinates": [ [ [ -48.106976702262614, -15.831267821382347 ], [ -48.102314227558836, -15.831334609512488 ], [ -48.102245299282977, -15.826820994611699 ], [ -48.106907670800446, -15.826754226490708 ], [ -48.106976702262614, -15.831267821382347 ] ] ] } },
{ "type": "Feature", "properties": { "id_celula": 3676 }, "geometry": { "type": "Polygon", "coordinates": [ [ [ -48.106907670800446, -15.826754226490708 ], [ -48.102245299282977, -15.826820994611699 ], [ -48.102176393217967, -15.822307377543723 ], [ -48.106838661582358, -15.822240629431025 ], [ -48.106907670800446, -15.826754226490708 ] ] ] } },
{ "type": "Feature", "properties": { "id_celula": 3677 }, "geometry": { "type": "Polygon", "coordinates": [ [ [ -48.106838661582358, -15.822240629431025 ], [ -48.102176393217967, -15.822307377543723 ], [ -48.10210750936151, -15.817793758309135 ], [ -48.106769674606028, -15.81772703020388 ], [ -48.106838661582358, -15.822240629431025 ] ] ] } },
{ "type": "Feature", "properties": { "id_celula": 3678 }, "geometry": { "type": "Polygon", "coordinates": [ [ [ -48.106769674606028, -15.81772703020388 ], [ -48.10210750936151, -15.817793758309135 ], [ -48.102038647711275, -15.81328013690851 ], [ -48.106700709869138, -15.81321342880984 ], [ -48.106769674606028, -15.81772703020388 ] ] ] } },
{ "type": "Feature", "properties": { "id_celula": 3679 }, "geometry": { "type": "Polygon", "coordinates": [ [ [ -48.106700709869138, -15.81321342880984 ], [ -48.102038647711275, -15.81328013690851 ], [ -48.101969808264947, -15.808766513342432 ], [ -48.106631767369379, -15.808699825249498 ], [ -48.106700709869138, -15.81321342880984 ] ] ] } },
{ "type": "Feature", "properties": { "id_celula": 3680 }, "geometry": { "type": "Polygon", "coordinates": [ [ [ -48.106631767369379, -15.808699825249498 ], [ -48.101969808264947, -15.808766513342432 ], [ -48.101900991020223, -15.804252887611478 ], [ -48.106562847104421, -15.804186219523423 ], [ -48.106631767369379, -15.808699825249498 ] ] ] } },
{ "type": "Feature", "properties": { "id_celula": 3681 }, "geometry": { "type": "Polygon", "coordinates": [ [ [ -48.106562847104421, -15.804186219523423 ], [ -48.101900991020223, -15.804252887611478 ], [ -48.101832195974779, -15.799739259716219 ], [ -48.106493949071954, -15.799672611632193 ], [ -48.106562847104421, -15.804186219523423 ] ] ] } },
{ "type": "Feature", "properties": { "id_celula": 3682 }, "geometry": { "type": "Polygon", "coordinates": [ [ [ -48.106493949071954, -15.799672611632193 ], [ -48.101832195974779, -15.799739259716219 ], [ -48.101763423126307, -15.795225629657248 ], [ -48.106425073269655, -15.795159001576391 ], [ -48.106493949071954, -15.799672611632193 ] ] ] } },
{ "type": "Feature", "properties": { "id_celula": 3683 }, "geometry": { "type": "Polygon", "coordinates": [ [ [ -48.106425073269655, -15.795159001576391 ], [ -48.101763423126307, -15.795225629657248 ], [ -48.101694672472497, -15.790711997435132 ], [ -48.106356219695229, -15.790645389356605 ], [ -48.106425073269655, -15.795159001576391 ] ] ] } },
{ "type": "Feature", "properties": { "id_celula": 3769 }, "geometry": { "type": "Polygon", "coordinates": [ [ [ -48.10390571344093, -15.935147152755142 ], [ -48.099240834007894, -15.935214300712328 ], [ -48.099171498194714, -15.930700715817675 ], [ -48.103836273674034, -15.930633587859401 ], [ -48.10390571344093, -15.935147152755142 ] ] ] } },
{ "type": "Feature", "properties": { "id_celula": 3770 }, "geometry": { "type": "Polygon", "coordinates": [ [ [ -48.103836273674034, -15.930633587859401 ], [ -48.099171498194714, -15.930700715817675 ], [ -48.099102184612612, -15.926187128743386 ], [ -48.103766856171504, -15.926120020783175 ], [ -48.103836273674034, -15.930633587859401 ] ] ] } },
{ "type": "Feature", "properties": { "id_celula": 3771 }, "geometry": { "type": "Polygon", "coordinates": [ [ [ -48.103766856171504, -15.926120020783175 ], [ -48.099102184612612, -15.926187128743386 ], [ -48.099032893259242, -15.92167353949004 ], [ -48.103697460931016, -15.92160645152703 ], [ -48.103766856171504, -15.926120020783175 ] ] ] } },
{ "type": "Feature", "properties": { "id_celula": 3772 }, "geometry": { "type": "Polygon", "coordinates": [ [ [ -48.103697460931016, -15.92160645152703 ], [ -48.099032893259242, -15.92167353949004 ], [ -48.098963624132281, -15.917159948058218 ], [ -48.103628087950227, -15.917092880091552 ], [ -48.103697460931016, -15.92160645152703 ] ] ] } },
{ "type": "Feature", "properties": { "id_celula": 3773 }, "geometry": { "type": "Polygon", "coordinates": [ [ [ -48.103628087950227, -15.917092880091552 ], [ -48.098963624132281, -15.917159948058218 ], [ -48.098894377229392, -15.912646354448505 ], [ -48.103558737226805, -15.912579306477314 ], [ -48.103628087950227, -15.917092880091552 ] ] ] } },
{ "type": "Feature", "properties": { "id_celula": 3774 }, "geometry": { "type": "Polygon", "coordinates": [ [ [ -48.103558737226805, -15.912579306477314 ], [ -48.098894377229392, -15.912646354448505 ], [ -48.098825152548251, -15.908132758661463 ], [ -48.103489408758421, -15.908065730684896 ], [ -48.103558737226805, -15.912579306477314 ] ] ] } },
{ "type": "Feature", "properties": { "id_celula": 3778 }, "geometry": { "type": "Polygon", "coordinates": [ [ [ -48.103281556860139, -15.89452499024434 ], [ -48.098617611812003, -15.894591958242183 ], [ -48.098548475994548, -15.890078353751635 ], [ -48.103212317388568, -15.89001140574498 ], [ -48.103281556860139, -15.89452499024434 ] ] ] } },
{ "type": "Feature", "properties": { "id_celula": 3779 }, "geometry": { "type": "Polygon", "coordinates": [ [ [ -48.103212317388568, -15.89001140574498 ], [ -48.098548475994548, -15.890078353751635 ], [ -48.098479362387202, -15.885564747086654 ], [ -48.103143100160374, -15.885497819070334 ], [ -48.103212317388568, -15.89001140574498 ] ] ] } },
{ "type": "Feature", "properties": { "id_celula": 3780 }, "geometry": { "type": "Polygon", "coordinates": [ [ [ -48.103143100160374, -15.885497819070334 ], [ -48.098479362387202, -15.885564747086654 ], [ -48.098410270987642, -15.881051138247816 ], [ -48.103073905173233, -15.880984230220976 ], [ -48.103143100160374, -15.885497819070334 ] ] ] } },
{ "type": "Feature", "properties": { "id_celula": 3781 }, "geometry": { "type": "Polygon", "coordinates": [ [ [ -48.103073905173233, -15.880984230220976 ], [ -48.098410270987642, -15.881051138247816 ], [ -48.098341201793531, -15.876537527235699 ], [ -48.103004732424814, -15.876470639197489 ], [ -48.103073905173233, -15.880984230220976 ] ] ] } },
{ "type": "Feature", "properties": { "id_celula": 3782 }, "geometry": { "type": "Polygon", "coordinates": [ [ [ -48.103004732424814, -15.876470639197489 ], [ -48.098341201793531, -15.876537527235699 ], [ -48.098272154802558, -15.872023914050894 ], [ -48.102935581912789, -15.871957046000444 ], [ -48.103004732424814, -15.876470639197489 ] ] ] } },
{ "type": "Feature", "properties": { "id_celula": 3783 }, "geometry": { "type": "Polygon", "coordinates": [ [ [ -48.102935581912789, -15.871957046000444 ], [ -48.098272154802558, -15.872023914050894 ], [ -48.098203130012394, -15.867510298693956 ], [ -48.102866453634832, -15.867443450630416 ], [ -48.102935581912789, -15.871957046000444 ] ] ] } },
{ "type": "Feature", "properties": { "id_celula": 3784 }, "geometry": { "type": "Polygon", "coordinates": [ [ [ -48.102866453634832, -15.867443450630416 ], [ -48.098203130012394, -15.867510298693956 ], [ -48.098134127420728, -15.862996681165473 ], [ -48.10279734758862, -15.862929853087998 ], [ -48.102866453634832, -15.867443450630416 ] ] ] } },
{ "type": "Feature", "properties": { "id_celula": 3790 }, "geometry": { "type": "Polygon", "coordinates": [ [ [ -48.102452150752391, -15.840361832810165 ], [ -48.097789447358501, -15.840428560970192 ], [ -48.097720577909058, -15.835914930424597 ], [ -48.102383178047873, -15.835848222245497 ], [ -48.102452150752391, -15.840361832810165 ] ] ] } },
{ "type": "Feature", "properties": { "id_celula": 3791 }, "geometry": { "type": "Polygon", "coordinates": [ [ [ -48.102383178047873, -15.835848222245497 ], [ -48.097720577909058, -15.835914930424597 ], [ -48.097651730641878, -15.831401297711508 ], [ -48.102314227558836, -15.831334609512488 ], [ -48.102383178047873, -15.835848222245497 ] ] ] } },
{ "type": "Feature", "properties": { "id_celula": 3792 }, "geometry": { "type": "Polygon", "coordinates": [ [ [ -48.102314227558836, -15.831334609512488 ], [ -48.097651730641878, -15.831401297711508 ], [ -48.097582905554646, -15.826887662831499 ], [ -48.102245299282977, -15.826820994611699 ], [ -48.102314227558836, -15.831334609512488 ] ] ] } },
{ "type": "Feature", "properties": { "id_celula": 3793 }, "geometry": { "type": "Polygon", "coordinates": [ [ [ -48.102245299282977, -15.826820994611699 ], [ -48.097582905554646, -15.826887662831499 ], [ -48.097514102645043, -15.822374025785154 ], [ -48.102176393217967, -15.822307377543723 ], [ -48.102245299282977, -15.826820994611699 ] ] ] } },
{ "type": "Feature", "properties": { "id_celula": 3794 }, "geometry": { "type": "Polygon", "coordinates": [ [ [ -48.102176393217967, -15.822307377543723 ], [ -48.097514102645043, -15.822374025785154 ], [ -48.097445321910769, -15.817860386573049 ], [ -48.10210750936151, -15.817793758309135 ], [ -48.102176393217967, -15.822307377543723 ] ] ] } },
{ "type": "Feature", "properties": { "id_celula": 3795 }, "geometry": { "type": "Polygon", "coordinates": [ [ [ -48.10210750936151, -15.817793758309135 ], [ -48.097445321910769, -15.817860386573049 ], [ -48.097376563349499, -15.81334674519576 ], [ -48.102038647711275, -15.81328013690851 ], [ -48.10210750936151, -15.817793758309135 ] ] ] } },
{ "type": "Feature", "properties": { "id_celula": 3796 }, "geometry": { "type": "Polygon", "coordinates": [ [ [ -48.102038647711275, -15.81328013690851 ], [ -48.097376563349499, -15.81334674519576 ], [ -48.097307826958925, -15.808833101653867 ], [ -48.101969808264947, -15.808766513342432 ], [ -48.102038647711275, -15.81328013690851 ] ] ] } },
{ "type": "Feature", "properties": { "id_celula": 3797 }, "geometry": { "type": "Polygon", "coordinates": [ [ [ -48.101969808264947, -15.808766513342432 ], [ -48.097307826958925, -15.808833101653867 ], [ -48.097239112736744, -15.804319455947949 ], [ -48.101900991020223, -15.804252887611478 ], [ -48.101969808264947, -15.808766513342432 ] ] ] } },
{ "type": "Feature", "properties": { "id_celula": 3798 }, "geometry": { "type": "Polygon", "coordinates": [ [ [ -48.101900991020223, -15.804252887611478 ], [ -48.097239112736744, -15.804319455947949 ], [ -48.097170420680627, -15.799805808078585 ], [ -48.101832195974779, -15.799739259716219 ], [ -48.101900991020223, -15.804252887611478 ] ] ] } },
{ "type": "Feature", "properties": { "id_celula": 3799 }, "geometry": { "type": "Polygon", "coordinates": [ [ [ -48.101832195974779, -15.799739259716219 ], [ -48.097170420680627, -15.799805808078585 ], [ -48.097101750788298, -15.795292158046349 ], [ -48.101763423126307, -15.795225629657248 ], [ -48.101832195974779, -15.799739259716219 ] ] ] } },
{ "type": "Feature", "properties": { "id_celula": 3888 }, "geometry": { "type": "Polygon", "coordinates": [ [ [ -48.099102184612612, -15.926187128743386 ], [ -48.09443749082498, -15.926254136141587 ], [ -48.094368303361065, -15.921740526921003 ], [ -48.099032893259242, -15.92167353949004 ], [ -48.099102184612612, -15.926187128743386 ] ] ] } },
{ "type": "Feature", "properties": { "id_celula": 3889 }, "geometry": { "type": "Polygon", "coordinates": [ [ [ -48.099032893259242, -15.92167353949004 ], [ -48.094368303361065, -15.921740526921003 ], [ -48.094299138090257, -15.917226915522789 ], [ -48.098963624132281, -15.917159948058218 ], [ -48.099032893259242, -15.92167353949004 ] ] ] } },
{ "type": "Feature", "properties": { "id_celula": 3890 }, "geometry": { "type": "Polygon", "coordinates": [ [ [ -48.098963624132281, -15.917159948058218 ], [ -48.094299138090257, -15.917226915522789 ], [ -48.094229995010231, -15.912713301947537 ], [ -48.098894377229392, -15.912646354448505 ], [ -48.098963624132281, -15.917159948058218 ] ] ] } },
{ "type": "Feature", "properties": { "id_celula": 3891 }, "geometry": { "type": "Polygon", "coordinates": [ [ [ -48.098894377229392, -15.912646354448505 ], [ -48.094229995010231, -15.912713301947537 ], [ -48.094160874118664, -15.908199686195823 ], [ -48.098825152548251, -15.908132758661463 ], [ -48.098894377229392, -15.912646354448505 ] ] ] } },
{ "type": "Feature", "properties": { "id_celula": 3895 }, "geometry": { "type": "Polygon", "coordinates": [ [ [ -48.098617611812003, -15.894591958242183 ], [ -48.093953644551419, -15.894658825887669 ], [ -48.093884612390418, -15.890145201435868 ], [ -48.098548475994548, -15.890078353751635 ], [ -48.098617611812003, -15.894591958242183 ] ] ] } },
{ "type": "Feature", "properties": { "id_celula": 3896 }, "geometry": { "type": "Polygon", "coordinates": [ [ [ -48.098548475994548, -15.890078353751635 ], [ -48.093884612390418, -15.890145201435868 ], [ -48.093815602406252, -15.885631574810493 ], [ -48.098479362387202, -15.885564747086654 ], [ -48.098548475994548, -15.890078353751635 ] ] ] } },
{ "type": "Feature", "properties": { "id_celula": 3897 }, "geometry": { "type": "Polygon", "coordinates": [ [ [ -48.098479362387202, -15.885564747086654 ], [ -48.093815602406252, -15.885631574810493 ], [ -48.09374661459659, -15.881117946012118 ], [ -48.098410270987642, -15.881051138247816 ], [ -48.098479362387202, -15.885564747086654 ] ] ] } },
{ "type": "Feature", "properties": { "id_celula": 3898 }, "geometry": { "type": "Polygon", "coordinates": [ [ [ -48.098410270987642, -15.881051138247816 ], [ -48.09374661459659, -15.881117946012118 ], [ -48.093677648959122, -15.87660431504132 ], [ -48.098341201793531, -15.876537527235699 ], [ -48.098410270987642, -15.881051138247816 ] ] ] } },
{ "type": "Feature", "properties": { "id_celula": 3899 }, "geometry": { "type": "Polygon", "coordinates": [ [ [ -48.098341201793531, -15.876537527235699 ], [ -48.093677648959122, -15.87660431504132 ], [ -48.093608705491519, -15.872090681898687 ], [ -48.098272154802558, -15.872023914050894 ], [ -48.098341201793531, -15.876537527235699 ] ] ] } },
{ "type": "Feature", "properties": { "id_celula": 3900 }, "geometry": { "type": "Polygon", "coordinates": [ [ [ -48.098272154802558, -15.872023914050894 ], [ -48.093608705491519, -15.872090681898687 ], [ -48.093539784191478, -15.867577046584774 ], [ -48.098203130012394, -15.867510298693956 ], [ -48.098272154802558, -15.872023914050894 ] ] ] } },
{ "type": "Feature", "properties": { "id_celula": 3901 }, "geometry": { "type": "Polygon", "coordinates": [ [ [ -48.098203130012394, -15.867510298693956 ], [ -48.093539784191478, -15.867577046584774 ], [ -48.093470885056661, -15.863063409100183 ], [ -48.098134127420728, -15.862996681165473 ], [ -48.098203130012394, -15.867510298693956 ] ] ] } },
{ "type": "Feature", "properties": { "id_celula": 3907 }, "geometry": { "type": "Polygon", "coordinates": [ [ [ -48.097789447358501, -15.840428560970192 ], [ -48.093126721780031, -15.8404951891371 ], [ -48.093057955587994, -15.835981538640507 ], [ -48.097720577909058, -15.835914930424597 ], [ -48.097789447358501, -15.840428560970192 ] ] ] } },
{ "type": "Feature", "properties": { "id_celula": 3908 }, "geometry": { "type": "Polygon", "coordinates": [ [ [ -48.097720577909058, -15.835914930424597 ], [ -48.093057955587994, -15.835981538640507 ], [ -48.092989211544982, -15.831467885977272 ], [ -48.097651730641878, -15.831401297711508 ], [ -48.097720577909058, -15.835914930424597 ] ] ] } },
{ "type": "Feature", "properties": { "id_celula": 3909 }, "geometry": { "type": "Polygon", "coordinates": [ [ [ -48.097651730641878, -15.831401297711508 ], [ -48.092989211544982, -15.831467885977272 ], [ -48.092920489648691, -15.826954231147969 ], [ -48.097582905554646, -15.826887662831499 ], [ -48.097651730641878, -15.831401297711508 ] ] ] } },
{ "type": "Feature", "properties": { "id_celula": 3910 }, "geometry": { "type": "Polygon", "coordinates": [ [ [ -48.097582905554646, -15.826887662831499 ], [ -48.092920489648691, -15.826954231147969 ], [ -48.092851789896805, -15.822440574153177 ], [ -48.097514102645043, -15.822374025785154 ], [ -48.097582905554646, -15.826887662831499 ] ] ] } },
{ "type": "Feature", "properties": { "id_celula": 3911 }, "geometry": { "type": "Polygon", "coordinates": [ [ [ -48.097514102645043, -15.822374025785154 ], [ -48.092851789896805, -15.822440574153177 ], [ -48.092783112287016, -15.817926914993478 ], [ -48.097445321910769, -15.817860386573049 ], [ -48.097514102645043, -15.822374025785154 ] ] ] } },
{ "type": "Feature", "properties": { "id_celula": 3912 }, "geometry": { "type": "Polygon", "coordinates": [ [ [ -48.097445321910769, -15.817860386573049 ], [ -48.092783112287016, -15.817926914993478 ], [ -48.092714456817028, -15.813413253669445 ], [ -48.097376563349499, -15.81334674519576 ], [ -48.097445321910769, -15.817860386573049 ] ] ] } },
{ "type": "Feature", "properties": { "id_celula": 3913 }, "geometry": { "type": "Polygon", "coordinates": [ [ [ -48.097376563349499, -15.81334674519576 ], [ -48.092714456817028, -15.813413253669445 ], [ -48.09264582348451, -15.80889959018166 ], [ -48.097307826958925, -15.808833101653867 ], [ -48.097376563349499, -15.81334674519576 ] ] ] } },
{ "type": "Feature", "properties": { "id_celula": 3914 }, "geometry": { "type": "Polygon", "coordinates": [ [ [ -48.097307826958925, -15.808833101653867 ], [ -48.09264582348451, -15.80889959018166 ], [ -48.092577212287182, -15.804385924530703 ], [ -48.097239112736744, -15.804319455947949 ], [ -48.097307826958925, -15.808833101653867 ] ] ] } },
{ "type": "Feature", "properties": { "id_celula": 3915 }, "geometry": { "type": "Polygon", "coordinates": [ [ [ -48.097239112736744, -15.804319455947949 ], [ -48.092577212287182, -15.804385924530703 ], [ -48.092508623222713, -15.799872256717148 ], [ -48.097170420680627, -15.799805808078585 ], [ -48.097239112736744, -15.804319455947949 ] ] ] } },
{ "type": "Feature", "properties": { "id_celula": 3916 }, "geometry": { "type": "Polygon", "coordinates": [ [ [ -48.097170420680627, -15.799805808078585 ], [ -48.092508623222713, -15.799872256717148 ], [ -48.092440056288815, -15.795358586741571 ], [ -48.097101750788298, -15.795292158046349 ], [ -48.097170420680627, -15.799805808078585 ] ] ] } },
{ "type": "Feature", "properties": { "id_celula": 4007 }, "geometry": { "type": "Polygon", "coordinates": [ [ [ -48.094299138090257, -15.917226915522789 ], [ -48.089634629857457, -15.917293782483105 ], [ -48.089565590602618, -15.912780148972276 ], [ -48.094229995010231, -15.912713301947537 ], [ -48.094299138090257, -15.917226915522789 ] ] ] } },
{ "type": "Feature", "properties": { "id_celula": 4008 }, "geometry": { "type": "Polygon", "coordinates": [ [ [ -48.094229995010231, -15.912713301947537 ], [ -48.089565590602618, -15.912780148972276 ], [ -48.089496573502949, -15.908266513285835 ], [ -48.094160874118664, -15.908199686195823 ], [ -48.094229995010231, -15.912713301947537 ] ] ] } },
{ "type": "Feature", "properties": { "id_celula": 4009 }, "geometry": { "type": "Polygon", "coordinates": [ [ [ -48.094160874118664, -15.908199686195823 ], [ -48.089496573502949, -15.908266513285835 ], [ -48.089427578556119, -15.903752875424367 ], [ -48.094091775413226, -15.903686068268222 ], [ -48.094160874118664, -15.908199686195823 ] ] ] } },
{ "type": "Feature", "properties": { "id_celula": 4012 }, "geometry": { "type": "Polygon", "coordinates": [ [ [ -48.093953644551419, -15.894658825887669 ], [ -48.089289655111699, -15.894725593178636 ], [ -48.089220726609462, -15.890211948795534 ], [ -48.093884612390418, -15.890145201435868 ], [ -48.093953644551419, -15.894658825887669 ] ] ] } },
{ "type": "Feature", "properties": { "id_celula": 4013 }, "geometry": { "type": "Polygon", "coordinates": [ [ [ -48.093884612390418, -15.890145201435868 ], [ -48.089220726609462, -15.890211948795534 ], [ -48.089151820250784, -15.885698302239712 ], [ -48.093815602406252, -15.885631574810493 ], [ -48.093884612390418, -15.890145201435868 ] ] ] } },
{ "type": "Feature", "properties": { "id_celula": 4014 }, "geometry": { "type": "Polygon", "coordinates": [ [ [ -48.093815602406252, -15.885631574810493 ], [ -48.089151820250784, -15.885698302239712 ], [ -48.089082936033343, -15.881184653511742 ], [ -48.09374661459659, -15.881117946012118 ], [ -48.093815602406252, -15.885631574810493 ] ] ] } },
{ "type": "Feature", "properties": { "id_celula": 4015 }, "geometry": { "type": "Polygon", "coordinates": [ [ [ -48.09374661459659, -15.881117946012118 ], [ -48.089082936033343, -15.881184653511742 ], [ -48.089014073954836, -15.876671002612202 ], [ -48.093677648959122, -15.87660431504132 ], [ -48.09374661459659, -15.881117946012118 ] ] ] } },
{ "type": "Feature", "properties": { "id_celula": 4016 }, "geometry": { "type": "Polygon", "coordinates": [ [ [ -48.093677648959122, -15.87660431504132 ], [ -48.089014073954836, -15.876671002612202 ], [ -48.08894523401294, -15.872157349541679 ], [ -48.093608705491519, -15.872090681898687 ], [ -48.093677648959122, -15.87660431504132 ] ] ] } },
{ "type": "Feature", "properties": { "id_celula": 4017 }, "geometry": { "type": "Polygon", "coordinates": [ [ [ -48.093608705491519, -15.872090681898687 ], [ -48.08894523401294, -15.872157349541679 ], [ -48.088876416205316, -15.867643694300737 ], [ -48.093539784191478, -15.867577046584774 ], [ -48.093608705491519, -15.872090681898687 ] ] ] } },
{ "type": "Feature", "properties": { "id_celula": 4018 }, "geometry": { "type": "Polygon", "coordinates": [ [ [ -48.093539784191478, -15.867577046584774 ], [ -48.088876416205316, -15.867643694300737 ], [ -48.088807620529685, -15.863130036889959 ], [ -48.093470885056661, -15.863063409100183 ], [ -48.093539784191478, -15.867577046584774 ] ] ] } },
{ "type": "Feature", "properties": { "id_celula": 4019 }, "geometry": { "type": "Polygon", "coordinates": [ [ [ -48.093470885056661, -15.863063409100183 ], [ -48.088807620529685, -15.863130036889959 ], [ -48.088738846983716, -15.858616377309925 ], [ -48.093402008084766, -15.858549769445474 ], [ -48.093470885056661, -15.863063409100183 ] ] ] } },
{ "type": "Feature", "properties": { "id_celula": 4025 }, "geometry": { "type": "Polygon", "coordinates": [ [ [ -48.093057955587994, -15.835981538640507 ], [ -48.088395311117893, -15.83604804689109 ], [ -48.088326670301363, -15.831534374307635 ], [ -48.092989211544982, -15.831467885977272 ], [ -48.093057955587994, -15.835981538640507 ] ] ] } },
{ "type": "Feature", "properties": { "id_celula": 4026 }, "geometry": { "type": "Polygon", "coordinates": [ [ [ -48.092989211544982, -15.831467885977272 ], [ -48.088326670301363, -15.831534374307635 ], [ -48.088258051598316, -15.827020699558963 ], [ -48.092920489648691, -15.826954231147969 ], [ -48.092989211544982, -15.831467885977272 ] ] ] } },
{ "type": "Feature", "properties": { "id_celula": 4027 }, "geometry": { "type": "Polygon", "coordinates": [ [ [ -48.092920489648691, -15.826954231147969 ], [ -48.088258051598316, -15.827020699558963 ], [ -48.088189455006457, -15.822507022645652 ], [ -48.092851789896805, -15.822440574153177 ], [ -48.092920489648691, -15.826954231147969 ] ] ] } },
{ "type": "Feature", "properties": { "id_celula": 4028 }, "geometry": { "type": "Polygon", "coordinates": [ [ [ -48.092851789896805, -15.822440574153177 ], [ -48.088189455006457, -15.822507022645652 ], [ -48.088120880523476, -15.817993343568286 ], [ -48.092783112287016, -15.817926914993478 ], [ -48.092851789896805, -15.822440574153177 ] ] ] } },
{ "type": "Feature", "properties": { "id_celula": 4029 }, "geometry": { "type": "Polygon", "coordinates": [ [ [ -48.092783112287016, -15.817926914993478 ], [ -48.088120880523476, -15.817993343568286 ], [ -48.088052328147072, -15.813479662327437 ], [ -48.092714456817028, -15.813413253669445 ], [ -48.092783112287016, -15.817926914993478 ] ] ] } },
{ "type": "Feature", "properties": { "id_celula": 4030 }, "geometry": { "type": "Polygon", "coordinates": [ [ [ -48.092714456817028, -15.813413253669445 ], [ -48.088052328147072, -15.813479662327437 ], [ -48.087983797874926, -15.808965978923686 ], [ -48.09264582348451, -15.80889959018166 ], [ -48.092714456817028, -15.813413253669445 ] ] ] } },
{ "type": "Feature", "properties": { "id_celula": 4031 }, "geometry": { "type": "Polygon", "coordinates": [ [ [ -48.09264582348451, -15.80889959018166 ], [ -48.087983797874926, -15.808965978923686 ], [ -48.087915289704753, -15.804452293357608 ], [ -48.092577212287182, -15.804385924530703 ], [ -48.09264582348451, -15.80889959018166 ] ] ] } },
{ "type": "Feature", "properties": { "id_celula": 4100 }, "geometry": { "type": "Polygon", "coordinates": [ [ [ -48.091298224576271, -16.025620332560425 ], [ -48.086631192329058, -16.025687577006543 ], [ -48.086561725278855, -16.021173975957158 ], [ -48.091228652898508, -16.021106751437262 ], [ -48.091298224576271, -16.025620332560425 ] ] ] } },
{ "type": "Feature", "properties": { "id_celula": 4125 }, "geometry": { "type": "Polygon", "coordinates": [ [ [ -48.089565590602618, -15.912780148972276 ], [ -48.084901164039842, -15.912846895520561 ], [ -48.084832250734394, -15.908333239929343 ], [ -48.089496573502949, -15.908266513285835 ], [ -48.089565590602618, -15.912780148972276 ] ] ] } },
{ "type": "Feature", "properties": { "id_celula": 4126 }, "geometry": { "type": "Polygon", "coordinates": [ [ [ -48.089496573502949, -15.908266513285835 ], [ -48.084832250734394, -15.908333239929343 ], [ -48.084763359548496, -15.903819582163957 ], [ -48.089427578556119, -15.903752875424367 ], [ -48.089496573502949, -15.908266513285835 ] ] ] } },
{ "type": "Feature", "properties": { "id_celula": 4130 }, "geometry": { "type": "Polygon", "coordinates": [ [ [ -48.089220726609462, -15.890211948795534 ], [ -48.084556818684938, -15.890278595828493 ], [ -48.084488015954072, -15.885764929372169 ], [ -48.089151820250784, -15.885698302239712 ], [ -48.089220726609462, -15.890211948795534 ] ] ] } },
{ "type": "Feature", "properties": { "id_celula": 4131 }, "geometry": { "type": "Polygon", "coordinates": [ [ [ -48.089151820250784, -15.885698302239712 ], [ -48.084488015954072, -15.885764929372169 ], [ -48.084419235331175, -15.881251260744543 ], [ -48.089082936033343, -15.881184653511742 ], [ -48.089151820250784, -15.885698302239712 ] ] ] } },
{ "type": "Feature", "properties": { "id_celula": 4132 }, "geometry": { "type": "Polygon", "coordinates": [ [ [ -48.089082936033343, -15.881184653511742 ], [ -48.084419235331175, -15.881251260744543 ], [ -48.084350476813945, -15.87673758994621 ], [ -48.089014073954836, -15.876671002612202 ], [ -48.089082936033343, -15.881184653511742 ] ] ] } },
{ "type": "Feature", "properties": { "id_celula": 4133 }, "geometry": { "type": "Polygon", "coordinates": [ [ [ -48.089014073954836, -15.876671002612202 ], [ -48.084350476813945, -15.87673758994621 ], [ -48.084281740400051, -15.872223916977731 ], [ -48.08894523401294, -15.872157349541679 ], [ -48.089014073954836, -15.876671002612202 ] ] ] } },
{ "type": "Feature", "properties": { "id_celula": 4134 }, "geometry": { "type": "Polygon", "coordinates": [ [ [ -48.08894523401294, -15.872157349541679 ], [ -48.084281740400051, -15.872223916977731 ], [ -48.084213026087191, -15.867710241839699 ], [ -48.088876416205316, -15.867643694300737 ], [ -48.08894523401294, -15.872157349541679 ] ] ] } },
{ "type": "Feature", "properties": { "id_celula": 4135 }, "geometry": { "type": "Polygon", "coordinates": [ [ [ -48.088876416205316, -15.867643694300737 ], [ -48.084213026087191, -15.867710241839699 ], [ -48.084144333873049, -15.863196564532673 ], [ -48.088807620529685, -15.863130036889959 ], [ -48.088876416205316, -15.867643694300737 ] ] ] } },
{ "type": "Feature", "properties": { "id_celula": 4136 }, "geometry": { "type": "Polygon", "coordinates": [ [ [ -48.088807620529685, -15.863130036889959 ], [ -48.084144333873049, -15.863196564532673 ], [ -48.084075663755321, -15.858682885057249 ], [ -48.088738846983716, -15.858616377309925 ], [ -48.088807620529685, -15.863130036889959 ] ] ] } },
{ "type": "Feature", "properties": { "id_celula": 4142 }, "geometry": { "type": "Polygon", "coordinates": [ [ [ -48.088395311117893, -15.83604804689109 ], [ -48.083732644531992, -15.836114455174217 ], [ -48.083664106944248, -15.831600762700472 ], [ -48.088326670301363, -15.831534374307635 ], [ -48.088395311117893, -15.83604804689109 ] ] ] } },
{ "type": "Feature", "properties": { "id_celula": 4143 }, "geometry": { "type": "Polygon", "coordinates": [ [ [ -48.088326670301363, -15.831534374307635 ], [ -48.083664106944248, -15.831600762700472 ], [ -48.083595591436762, -15.827087068062356 ], [ -48.088258051598316, -15.827020699558963 ], [ -48.088326670301363, -15.831534374307635 ] ] ] } },
{ "type": "Feature", "properties": { "id_celula": 4144 }, "geometry": { "type": "Polygon", "coordinates": [ [ [ -48.088258051598316, -15.827020699558963 ], [ -48.083595591436762, -15.827087068062356 ], [ -48.083527098007238, -15.822573371260452 ], [ -48.088189455006457, -15.822507022645652 ], [ -48.088258051598316, -15.827020699558963 ] ] ] } },
{ "type": "Feature", "properties": { "id_celula": 4145 }, "geometry": { "type": "Polygon", "coordinates": [ [ [ -48.088189455006457, -15.822507022645652 ], [ -48.083527098007238, -15.822573371260452 ], [ -48.083458626653361, -15.818059672295348 ], [ -48.088120880523476, -15.817993343568286 ], [ -48.088189455006457, -15.822507022645652 ] ] ] } },
{ "type": "Feature", "properties": { "id_celula": 4146 }, "geometry": { "type": "Polygon", "coordinates": [ [ [ -48.088120880523476, -15.817993343568286 ], [ -48.083458626653361, -15.818059672295348 ], [ -48.083390177372841, -15.813545971167597 ], [ -48.088052328147072, -15.813479662327437 ], [ -48.088120880523476, -15.817993343568286 ] ] ] } },
{ "type": "Feature", "properties": { "id_celula": 4147 }, "geometry": { "type": "Polygon", "coordinates": [ [ [ -48.088052328147072, -15.813479662327437 ], [ -48.083390177372841, -15.813545971167597 ], [ -48.083321750163378, -15.809032267877798 ], [ -48.087983797874926, -15.808965978923686 ], [ -48.088052328147072, -15.813479662327437 ] ] ] } },
{ "type": "Feature", "properties": { "id_celula": 4149 }, "geometry": { "type": "Polygon", "coordinates": [ [ [ -48.087915289704753, -15.804452293357608 ], [ -48.083253345022662, -15.804518562426523 ], [ -48.083184961948398, -15.80000485481434 ], [ -48.087846803634235, -15.799938605629778 ], [ -48.087915289704753, -15.804452293357608 ] ] ] } },
{ "type": "Feature", "properties": { "id_celula": 4216 }, "geometry": { "type": "Polygon", "coordinates": [ [ [ -48.0867006815594, -16.030201175866768 ], [ -48.082033522468777, -16.030268338982196 ], [ -48.081964137901721, -16.025754720224867 ], [ -48.086631192329058, -16.025687577006543 ], [ -48.0867006815594, -16.030201175866768 ] ] ] } },
{ "type": "Feature", "properties": { "id_celula": 4217 }, "geometry": { "type": "Polygon", "coordinates": [ [ [ -48.086631192329058, -16.025687577006543 ], [ -48.081964137901721, -16.025754720224867 ], [ -48.081894775481416, -16.021241099279237 ], [ -48.086561725278855, -16.021173975957158 ], [ -48.086631192329058, -16.025687577006543 ] ] ] } },
{ "type": "Feature", "properties": { "id_celula": 4218 }, "geometry": { "type": "Polygon", "coordinates": [ [ [ -48.086561725278855, -16.021173975957158 ], [ -48.081894775481416, -16.021241099279237 ], [ -48.081825435205531, -16.016727476145871 ], [ -48.086492280406439, -16.01666037271918 ], [ -48.086561725278855, -16.021173975957158 ] ] ] } },
{ "type": "Feature", "properties": { "id_celula": 4220 }, "geometry": { "type": "Polygon", "coordinates": [ [ [ -48.086422857709472, -16.012146767293185 ], [ -48.08175611707172, -16.012213850825361 ], [ -48.081686821077646, -16.007700223318274 ], [ -48.086353457185616, -16.007633159679763 ], [ -48.086422857709472, -16.012146767293185 ] ] ] } },
{ "type": "Feature", "properties": { "id_celula": 4221 }, "geometry": { "type": "Polygon", "coordinates": [ [ [ -48.086353457185616, -16.007633159679763 ], [ -48.081686821077646, -16.007700223318274 ], [ -48.081617547220979, -16.00318659362518 ], [ -48.086284078832534, -16.003119549879472 ], [ -48.086353457185616, -16.007633159679763 ] ] ] } },
{ "type": "Feature", "properties": { "id_celula": 4237 }, "geometry": { "type": "Polygon", "coordinates": [ [ [ -48.085246062441584, -15.935415140843769 ], [ -48.080581094274777, -15.935481886300369 ], [ -48.080512174299798, -15.930968221709605 ], [ -48.085177038503566, -15.930901496132096 ], [ -48.085246062441584, -15.935415140843769 ] ] ] } },
{ "type": "Feature", "properties": { "id_celula": 4242 }, "geometry": { "type": "Polygon", "coordinates": [ [ [ -48.084901164039842, -15.912846895520561 ], [ -48.080236715355198, -15.912913541590246 ], [ -48.080167905846288, -15.90839986612421 ], [ -48.084832250734394, -15.908333239929343 ], [ -48.084901164039842, -15.912846895520561 ] ] ] } },
{ "type": "Feature", "properties": { "id_celula": 4243 }, "geometry": { "type": "Polygon", "coordinates": [ [ [ -48.084832250734394, -15.908333239929343 ], [ -48.080167905846288, -15.90839986612421 ], [ -48.080099118423639, -15.903886188484854 ], [ -48.084763359548496, -15.903819582163957 ], [ -48.084832250734394, -15.908333239929343 ] ] ] } },
{ "type": "Feature", "properties": { "id_celula": 4247 }, "geometry": { "type": "Polygon", "coordinates": [ [ [ -48.084556818684938, -15.890278595828493 ], [ -48.079892888650129, -15.890345142532595 ], [ -48.079824189549399, -15.885831456205711 ], [ -48.084488015954072, -15.885764929372169 ], [ -48.084556818684938, -15.890278595828493 ] ] ] } },
{ "type": "Feature", "properties": { "id_celula": 4248 }, "geometry": { "type": "Polygon", "coordinates": [ [ [ -48.084488015954072, -15.885764929372169 ], [ -48.079824189549399, -15.885831456205711 ], [ -48.079755512523356, -15.881317767708383 ], [ -48.084419235331175, -15.881251260744543 ], [ -48.084488015954072, -15.885764929372169 ] ] ] } },
{ "type": "Feature", "properties": { "id_celula": 4249 }, "geometry": { "type": "Polygon", "coordinates": [ [ [ -48.084419235331175, -15.881251260744543 ], [ -48.079755512523356, -15.881317767708383 ], [ -48.079686857569712, -15.876804077041188 ], [ -48.084350476813945, -15.87673758994621 ], [ -48.084419235331175, -15.881251260744543 ] ] ] } },
{ "type": "Feature", "properties": { "id_celula": 4250 }, "geometry": { "type": "Polygon", "coordinates": [ [ [ -48.084350476813945, -15.87673758994621 ], [ -48.079686857569712, -15.876804077041188 ], [ -48.079618224686143, -15.87229038420471 ], [ -48.084281740400051, -15.872223916977731 ], [ -48.084350476813945, -15.87673758994621 ] ] ] } },
{ "type": "Feature", "properties": { "id_celula": 4251 }, "geometry": { "type": "Polygon", "coordinates": [ [ [ -48.084281740400051, -15.872223916977731 ], [ -48.079618224686143, -15.87229038420471 ], [ -48.079549613870341, -15.86777668919952 ], [ -48.084213026087191, -15.867710241839699 ], [ -48.084281740400051, -15.872223916977731 ] ] ] } },
{ "type": "Feature", "properties": { "id_celula": 4252 }, "geometry": { "type": "Polygon", "coordinates": [ [ [ -48.084213026087191, -15.867710241839699 ], [ -48.079549613870341, -15.86777668919952 ], [ -48.079481025119996, -15.863262992026188 ], [ -48.084144333873049, -15.863196564532673 ], [ -48.084213026087191, -15.867710241839699 ] ] ] } },
{ "type": "Feature", "properties": { "id_celula": 4253 }, "geometry": { "type": "Polygon", "coordinates": [ [ [ -48.084144333873049, -15.863196564532673 ], [ -48.079481025119996, -15.863262992026188 ], [ -48.079412458432813, -15.858749292685312 ], [ -48.084075663755321, -15.858682885057249 ], [ -48.084144333873049, -15.863196564532673 ] ] ] } },
{ "type": "Feature", "properties": { "id_celula": 4254 }, "geometry": { "type": "Polygon", "coordinates": [ [ [ -48.084075663755321, -15.858682885057249 ], [ -48.079412458432813, -15.858749292685312 ], [ -48.079343913806476, -15.854235591177449 ], [ -48.084007015731679, -15.854169203413996 ], [ -48.084075663755321, -15.858682885057249 ] ] ] } },
{ "type": "Feature", "properties": { "id_celula": 4259 }, "geometry": { "type": "Polygon", "coordinates": [ [ [ -48.083732644531992, -15.836114455174217 ], [ -48.079069955863531, -15.836180763487745 ], [ -48.079001521506875, -15.831667051153635 ], [ -48.083664106944248, -15.831600762700472 ], [ -48.083732644531992, -15.836114455174217 ] ] ] } },
{ "type": "Feature", "properties": { "id_celula": 4260 }, "geometry": { "type": "Polygon", "coordinates": [ [ [ -48.083664106944248, -15.831600762700472 ], [ -48.079001521506875, -15.831667051153635 ], [ -48.078933109197251, -15.827153336656007 ], [ -48.083595591436762, -15.827087068062356 ], [ -48.083664106944248, -15.831600762700472 ] ] ] } },
{ "type": "Feature", "properties": { "id_celula": 4261 }, "geometry": { "type": "Polygon", "coordinates": [ [ [ -48.083595591436762, -15.827087068062356 ], [ -48.078933109197251, -15.827153336656007 ], [ -48.078864718932358, -15.822639619995442 ], [ -48.083527098007238, -15.822573371260452 ], [ -48.083595591436762, -15.827087068062356 ] ] ] } },
{ "type": "Feature", "properties": { "id_celula": 4262 }, "geometry": { "type": "Polygon", "coordinates": [ [ [ -48.083527098007238, -15.822573371260452 ], [ -48.078864718932358, -15.822639619995442 ], [ -48.078796350709894, -15.818125901172513 ], [ -48.083458626653361, -15.818059672295348 ], [ -48.083527098007238, -15.822573371260452 ] ] ] } },
{ "type": "Feature", "properties": { "id_celula": 4263 }, "geometry": { "type": "Polygon", "coordinates": [ [ [ -48.083458626653361, -15.818059672295348 ], [ -48.078796350709894, -15.818125901172513 ], [ -48.078728004527562, -15.813612180187803 ], [ -48.083390177372841, -15.813545971167597 ], [ -48.083458626653361, -15.818059672295348 ] ] ] } },
{ "type": "Feature", "properties": { "id_celula": 4264 }, "geometry": { "type": "Polygon", "coordinates": [ [ [ -48.083390177372841, -15.813545971167597 ], [ -48.078728004527562, -15.813612180187803 ], [ -48.078659680383069, -15.809098457041873 ], [ -48.083321750163378, -15.809032267877798 ], [ -48.083390177372841, -15.813545971167597 ] ] ] } },
{ "type": "Feature", "properties": { "id_celula": 4265 }, "geometry": { "type": "Polygon", "coordinates": [ [ [ -48.083321750163378, -15.809032267877798 ], [ -48.078659680383069, -15.809098457041873 ], [ -48.078591378274112, -15.80458473173532 ], [ -48.083253345022662, -15.804518562426523 ], [ -48.083321750163378, -15.809032267877798 ] ] ] } },
{ "type": "Feature", "properties": { "id_celula": 4333 }, "geometry": { "type": "Polygon", "coordinates": [ [ [ -48.082033522468777, -16.030268338982196 ], [ -48.077366341229066, -16.030335400837679 ], [ -48.077297061327634, -16.025821762213234 ], [ -48.081964137901721, -16.025754720224867 ], [ -48.082033522468777, -16.030268338982196 ] ] ] } },
{ "type": "Feature", "properties": { "id_celula": 4334 }, "geometry": { "type": "Polygon", "coordinates": [ [ [ -48.081964137901721, -16.025754720224867 ], [ -48.077297061327634, -16.025821762213234 ], [ -48.077227803539571, -16.021308121401344 ], [ -48.081894775481416, -16.021241099279237 ], [ -48.081964137901721, -16.025754720224867 ] ] ] } },
{ "type": "Feature", "properties": { "id_celula": 4335 }, "geometry": { "type": "Polygon", "coordinates": [ [ [ -48.081894775481416, -16.021241099279237 ], [ -48.077227803539571, -16.021308121401344 ], [ -48.077158567862547, -16.016794478402584 ], [ -48.081825435205531, -16.016727476145871 ], [ -48.081894775481416, -16.021241099279237 ] ] ] } },
{ "type": "Feature", "properties": { "id_celula": 4336 }, "geometry": { "type": "Polygon", "coordinates": [ [ [ -48.081825435205531, -16.016727476145871 ], [ -48.077158567862547, -16.016794478402584 ], [ -48.077089354294223, -16.012280833217524 ], [ -48.08175611707172, -16.012213850825361 ], [ -48.081825435205531, -16.016727476145871 ] ] ] } },
{ "type": "Feature", "properties": { "id_celula": 4337 }, "geometry": { "type": "Polygon", "coordinates": [ [ [ -48.08175611707172, -16.012213850825361 ], [ -48.077089354294223, -16.012280833217524 ], [ -48.077020162832262, -16.00776718584676 ], [ -48.081686821077646, -16.007700223318274 ], [ -48.08175611707172, -16.012213850825361 ] ] ] } },
{ "type": "Feature", "properties": { "id_celula": 4338 }, "geometry": { "type": "Polygon", "coordinates": [ [ [ -48.081686821077646, -16.007700223318274 ], [ -48.077020162832262, -16.00776718584676 ], [ -48.076950993474355, -16.003253536290845 ], [ -48.081617547220979, -16.00318659362518 ], [ -48.081686821077646, -16.007700223318274 ] ] ] } },
{ "type": "Feature", "properties": { "id_celula": 4359 }, "geometry": { "type": "Polygon", "coordinates": [ [ [ -48.080236715355198, -15.912913541590246 ], [ -48.07557224458197, -15.912980087179193 ], [ -48.075503538871921, -15.908466391868291 ], [ -48.080167905846288, -15.90839986612421 ], [ -48.080236715355198, -15.912913541590246 ] ] ] } },
{ "type": "Feature", "properties": { "id_celula": 4360 }, "geometry": { "type": "Polygon", "coordinates": [ [ [ -48.080167905846288, -15.90839986612421 ], [ -48.075503538871921, -15.908466391868291 ], [ -48.075434855214837, -15.903952694384913 ], [ -48.080099118423639, -15.903886188484854 ], [ -48.080167905846288, -15.90839986612421 ] ] ] } },
{ "type": "Feature", "properties": { "id_celula": 4364 }, "geometry": { "type": "Polygon", "coordinates": [ [ [ -48.079892888650129, -15.890345142532595 ], [ -48.075228936538316, -15.89041158890571 ], [ -48.075160341070024, -15.885897882738215 ], [ -48.079824189549399, -15.885831456205711 ], [ -48.079892888650129, -15.890345142532595 ] ] ] } },
{ "type": "Feature", "properties": { "id_celula": 4365 }, "geometry": { "type": "Polygon", "coordinates": [ [ [ -48.079824189549399, -15.885831456205711 ], [ -48.075160341070024, -15.885897882738215 ], [ -48.075091767643144, -15.88138417440112 ], [ -48.079755512523356, -15.881317767708383 ], [ -48.079824189549399, -15.885831456205711 ] ] ] } },
{ "type": "Feature", "properties": { "id_celula": 4366 }, "geometry": { "type": "Polygon", "coordinates": [ [ [ -48.079755512523356, -15.881317767708383 ], [ -48.075091767643144, -15.88138417440112 ], [ -48.075023216255396, -15.876870463895013 ], [ -48.079686857569712, -15.876804077041188 ], [ -48.079755512523356, -15.881317767708383 ] ] ] } },
{ "type": "Feature", "properties": { "id_celula": 4367 }, "geometry": { "type": "Polygon", "coordinates": [ [ [ -48.079686857569712, -15.876804077041188 ], [ -48.075023216255396, -15.876870463895013 ], [ -48.074954686904462, -15.872356751220467 ], [ -48.079618224686143, -15.87229038420471 ], [ -48.079686857569712, -15.876804077041188 ] ] ] } },
{ "type": "Feature", "properties": { "id_celula": 4368 }, "geometry": { "type": "Polygon", "coordinates": [ [ [ -48.079618224686143, -15.87229038420471 ], [ -48.074954686904462, -15.872356751220467 ], [ -48.07488617958802, -15.867843036378062 ], [ -48.079549613870341, -15.86777668919952 ], [ -48.079618224686143, -15.87229038420471 ] ] ] } },
{ "type": "Feature", "properties": { "id_celula": 4369 }, "geometry": { "type": "Polygon", "coordinates": [ [ [ -48.079549613870341, -15.86777668919952 ], [ -48.07488617958802, -15.867843036378062 ], [ -48.074817694303796, -15.863329319368374 ], [ -48.079481025119996, -15.863262992026188 ], [ -48.079549613870341, -15.86777668919952 ] ] ] } },
{ "type": "Feature", "properties": { "id_celula": 4370 }, "geometry": { "type": "Polygon", "coordinates": [ [ [ -48.079481025119996, -15.863262992026188 ], [ -48.074817694303796, -15.863329319368374 ], [ -48.074749231049459, -15.858815600191971 ], [ -48.079412458432813, -15.858749292685312 ], [ -48.079481025119996, -15.863262992026188 ] ] ] } },
{ "type": "Feature", "properties": { "id_celula": 4371 }, "geometry": { "type": "Polygon", "coordinates": [ [ [ -48.079412458432813, -15.858749292685312 ], [ -48.074749231049459, -15.858815600191971 ], [ -48.074680789822729, -15.854301878849444 ], [ -48.079343913806476, -15.854235591177449 ], [ -48.079412458432813, -15.858749292685312 ] ] ] } },
{ "type": "Feature", "properties": { "id_celula": 4372 }, "geometry": { "type": "Polygon", "coordinates": [ [ [ -48.079343913806476, -15.854235591177449 ], [ -48.074680789822729, -15.854301878849444 ], [ -48.074612370621288, -15.849788155341361 ], [ -48.079275391238681, -15.849721887503184 ], [ -48.079343913806476, -15.854235591177449 ] ] ] } },
{ "type": "Feature", "properties": { "id_celula": 4376 }, "geometry": { "type": "Polygon", "coordinates": [ [ [ -48.079069955863531, -15.836180763487745 ], [ -48.074407245145736, -15.836246971829539 ], [ -48.074338914022469, -15.831733239665011 ], [ -48.079001521506875, -15.831667051153635 ], [ -48.079069955863531, -15.836180763487745 ] ] ] } },
{ "type": "Feature", "properties": { "id_celula": 4377 }, "geometry": { "type": "Polygon", "coordinates": [ [ [ -48.079001521506875, -15.831667051153635 ], [ -48.074338914022469, -15.831733239665011 ], [ -48.074270604913011, -15.827219505337794 ], [ -48.078933109197251, -15.827153336656007 ], [ -48.079001521506875, -15.831667051153635 ] ] ] } },
{ "type": "Feature", "properties": { "id_celula": 4378 }, "geometry": { "type": "Polygon", "coordinates": [ [ [ -48.078933109197251, -15.827153336656007 ], [ -48.074270604913011, -15.827219505337794 ], [ -48.07420231781505, -15.822705768848497 ], [ -48.078864718932358, -15.822639619995442 ], [ -48.078933109197251, -15.827153336656007 ] ] ] } },
{ "type": "Feature", "properties": { "id_celula": 4379 }, "geometry": { "type": "Polygon", "coordinates": [ [ [ -48.078864718932358, -15.822639619995442 ], [ -48.07420231781505, -15.822705768848497 ], [ -48.074134052726293, -15.818192030197675 ], [ -48.078796350709894, -15.818125901172513 ], [ -48.078864718932358, -15.822639619995442 ] ] ] } },
{ "type": "Feature", "properties": { "id_celula": 4383 }, "geometry": { "type": "Polygon", "coordinates": [ [ [ -48.078591378274112, -15.80458473173532 ], [ -48.073929389492328, -15.804650801281889 ], [ -48.073861212417462, -15.800137053990765 ], [ -48.078523098198403, -15.800071004268712 ], [ -48.078591378274112, -15.80458473173532 ] ] ] } },
{ "type": "Feature", "properties": { "id_celula": 4449 }, "geometry": { "type": "Polygon", "coordinates": [ [ [ -48.077435643246197, -16.03484903727411 ], [ -48.072768335189437, -16.034916017705484 ], [ -48.072699137873649, -16.030402361431062 ], [ -48.077366341229066, -16.030335400837679 ], [ -48.077435643246197, -16.03484903727411 ] ] ] } },
{ "type": "Feature", "properties": { "id_celula": 4450 }, "geometry": { "type": "Polygon", "coordinates": [ [ [ -48.077366341229066, -16.030335400837679 ], [ -48.072699137873649, -16.030402361431062 ], [ -48.072629962640171, -16.025888702969485 ], [ -48.077297061327634, -16.025821762213234 ], [ -48.077366341229066, -16.030335400837679 ] ] ] } },
{ "type": "Feature", "properties": { "id_celula": 4451 }, "geometry": { "type": "Polygon", "coordinates": [ [ [ -48.077297061327634, -16.025821762213234 ], [ -48.072629962640171, -16.025888702969485 ], [ -48.072560809486681, -16.021375042321321 ], [ -48.077227803539571, -16.021308121401344 ], [ -48.077297061327634, -16.025821762213234 ] ] ] } },
{ "type": "Feature", "properties": { "id_celula": 4452 }, "geometry": { "type": "Polygon", "coordinates": [ [ [ -48.077227803539571, -16.021308121401344 ], [ -48.072560809486681, -16.021375042321321 ], [ -48.072491678410856, -16.016861379487146 ], [ -48.077158567862547, -16.016794478402584 ], [ -48.077227803539571, -16.021308121401344 ] ] ] } },
{ "type": "Feature", "properties": { "id_celula": 4453 }, "geometry": { "type": "Polygon", "coordinates": [ [ [ -48.077158567862547, -16.016794478402584 ], [ -48.072491678410856, -16.016861379487146 ], [ -48.07242256941035, -16.012347714467534 ], [ -48.077089354294223, -16.012280833217524 ], [ -48.077158567862547, -16.016794478402584 ] ] ] } },
{ "type": "Feature", "properties": { "id_celula": 4454 }, "geometry": { "type": "Polygon", "coordinates": [ [ [ -48.077089354294223, -16.012280833217524 ], [ -48.07242256941035, -16.012347714467534 ], [ -48.072353482482846, -16.00783404726306 ], [ -48.077020162832262, -16.00776718584676 ], [ -48.077089354294223, -16.012280833217524 ] ] ] } },
{ "type": "Feature", "properties": { "id_celula": 4475 }, "geometry": { "type": "Polygon", "coordinates": [ [ [ -48.075640972347315, -15.917493780317043 ], [ -48.070976375684346, -15.917560245238887 ], [ -48.070907751753467, -15.913046532285268 ], [ -48.07557224458197, -15.912980087179193 ], [ -48.075640972347315, -15.917493780317043 ] ] ] } },
{ "type": "Feature", "properties": { "id_celula": 4477 }, "geometry": { "type": "Polygon", "coordinates": [ [ [ -48.075503538871921, -15.908466391868291 ], [ -48.070839149844581, -15.908532817159443 ], [ -48.070770569955371, -15.904019099862005 ], [ -48.075434855214837, -15.903952694384913 ], [ -48.075503538871921, -15.908466391868291 ] ] ] } },
{ "type": "Feature", "properties": { "id_celula": 4478 }, "geometry": { "type": "Polygon", "coordinates": [ [ [ -48.075434855214837, -15.903952694384913 ], [ -48.070770569955371, -15.904019099862005 ], [ -48.070702012083537, -15.899505380393508 ], [ -48.07536619360841, -15.899438994729641 ], [ -48.075434855214837, -15.903952694384913 ] ] ] } },
{ "type": "Feature", "properties": { "id_celula": 4482 }, "geometry": { "type": "Polygon", "coordinates": [ [ [ -48.075160341070024, -15.885897882738215 ], [ -48.070496470549216, -15.885964208967538 ], [ -48.070428000723822, -15.881450480820622 ], [ -48.075091767643144, -15.88138417440112 ], [ -48.075160341070024, -15.885897882738215 ] ] ] } },
{ "type": "Feature", "properties": { "id_celula": 4483 }, "geometry": { "type": "Polygon", "coordinates": [ [ [ -48.075091767643144, -15.88138417440112 ], [ -48.070428000723822, -15.881450480820622 ], [ -48.070359552904272, -15.876936750505543 ], [ -48.075023216255396, -15.876870463895013 ], [ -48.075091767643144, -15.88138417440112 ] ] ] } },
{ "type": "Feature", "properties": { "id_celula": 4484 }, "geometry": { "type": "Polygon", "coordinates": [ [ [ -48.075023216255396, -15.876870463895013 ], [ -48.070359552904272, -15.876936750505543 ], [ -48.070291127088268, -15.87242301802288 ], [ -48.074954686904462, -15.872356751220467 ], [ -48.075023216255396, -15.876870463895013 ] ] ] } },
{ "type": "Feature", "properties": { "id_celula": 4485 }, "geometry": { "type": "Polygon", "coordinates": [ [ [ -48.074954686904462, -15.872356751220467 ], [ -48.070291127088268, -15.87242301802288 ], [ -48.07022272327351, -15.8679092833732 ], [ -48.07488617958802, -15.867843036378062 ], [ -48.074954686904462, -15.872356751220467 ] ] ] } },
{ "type": "Feature", "properties": { "id_celula": 4486 }, "geometry": { "type": "Polygon", "coordinates": [ [ [ -48.07488617958802, -15.867843036378062 ], [ -48.07022272327351, -15.8679092833732 ], [ -48.070154341457695, -15.863395546557083 ], [ -48.074817694303796, -15.863329319368374 ], [ -48.07488617958802, -15.867843036378062 ] ] ] } },
{ "type": "Feature", "properties": { "id_celula": 4487 }, "geometry": { "type": "Polygon", "coordinates": [ [ [ -48.074817694303796, -15.863329319368374 ], [ -48.070154341457695, -15.863395546557083 ], [ -48.070085981638513, -15.858881807575113 ], [ -48.074749231049459, -15.858815600191971 ], [ -48.074817694303796, -15.863329319368374 ] ] ] } },
{ "type": "Feature", "properties": { "id_celula": 4488 }, "geometry": { "type": "Polygon", "coordinates": [ [ [ -48.074749231049459, -15.858815600191971 ], [ -48.070085981638513, -15.858881807575113 ], [ -48.070017643813685, -15.854368066427851 ], [ -48.074680789822729, -15.854301878849444 ], [ -48.074749231049459, -15.858815600191971 ] ] ] } },
{ "type": "Feature", "properties": { "id_celula": 4489 }, "geometry": { "type": "Polygon", "coordinates": [ [ [ -48.074680789822729, -15.854301878849444 ], [ -48.070017643813685, -15.854368066427851 ], [ -48.0699493279809, -15.849854323115881 ], [ -48.074612370621288, -15.849788155341361 ], [ -48.074680789822729, -15.854301878849444 ] ] ] } },
{ "type": "Feature", "properties": { "id_celula": 4494 }, "geometry": { "type": "Polygon", "coordinates": [ [ [ -48.074338914022469, -15.831733239665011 ], [ -48.06967628452427, -15.83179932823246 ], [ -48.069608078617264, -15.827285574105593 ], [ -48.074270604913011, -15.827219505337794 ], [ -48.074338914022469, -15.831733239665011 ] ] ] } },
{ "type": "Feature", "properties": { "id_celula": 4497 }, "geometry": { "type": "Polygon", "coordinates": [ [ [ -48.074134052726293, -15.818192030197675 ], [ -48.069471732735785, -15.818258059368704 ], [ -48.069403592756721, -15.813744298759824 ], [ -48.074065809644452, -15.813678289385917 ], [ -48.074134052726293, -15.818192030197675 ] ] ] } },
{ "type": "Feature", "properties": { "id_celula": 4498 }, "geometry": { "type": "Polygon", "coordinates": [ [ [ -48.074065809644452, -15.813678289385917 ], [ -48.069403592756721, -15.813744298759824 ], [ -48.06933547474906, -15.80923053599143 ], [ -48.073997588567224, -15.809164546413797 ], [ -48.074065809644452, -15.813678289385917 ] ] ] } },
{ "type": "Feature", "properties": { "id_celula": 4499 }, "geometry": { "type": "Polygon", "coordinates": [ [ [ -48.073997588567224, -15.809164546413797 ], [ -48.06933547474906, -15.80923053599143 ], [ -48.069267378710514, -15.804716771064085 ], [ -48.073929389492328, -15.804650801281889 ], [ -48.073997588567224, -15.809164546413797 ] ] ] } },
{ "type": "Feature", "properties": { "id_celula": 4500 }, "geometry": { "type": "Polygon", "coordinates": [ [ [ -48.073929389492328, -15.804650801281889 ], [ -48.069267378710514, -15.804716771064085 ], [ -48.069199304638772, -15.800203003978382 ], [ -48.073861212417462, -15.800137053990765 ], [ -48.073929389492328, -15.804650801281889 ] ] ] } },
{ "type": "Feature", "properties": { "id_celula": 4566 }, "geometry": { "type": "Polygon", "coordinates": [ [ [ -48.072768335189437, -16.034916017705484 ], [ -48.068101005048028, -16.034982896842617 ], [ -48.068031912435913, -16.030469220760203 ], [ -48.072699137873649, -16.030402361431062 ], [ -48.072768335189437, -16.034916017705484 ] ] ] } },
{ "type": "Feature", "properties": { "id_celula": 4567 }, "geometry": { "type": "Polygon", "coordinates": [ [ [ -48.072699137873649, -16.030402361431062 ], [ -48.068031912435913, -16.030469220760203 ], [ -48.067962841872721, -16.025955542491477 ], [ -48.072629962640171, -16.025888702969485 ], [ -48.072699137873649, -16.030402361431062 ] ] ] } },
{ "type": "Feature", "properties": { "id_celula": 4568 }, "geometry": { "type": "Polygon", "coordinates": [ [ [ -48.072629962640171, -16.025888702969485 ], [ -48.067962841872721, -16.025955542491477 ], [ -48.067893793356141, -16.021441862037019 ], [ -48.072560809486681, -16.021375042321321 ], [ -48.072629962640171, -16.025888702969485 ] ] ] } },
{ "type": "Feature", "properties": { "id_celula": 4569 }, "geometry": { "type": "Polygon", "coordinates": [ [ [ -48.072560809486681, -16.021375042321321 ], [ -48.067893793356141, -16.021441862037019 ], [ -48.067824766883831, -16.016928179397414 ], [ -48.072491678410856, -16.016861379487146 ], [ -48.072560809486681, -16.021375042321321 ] ] ] } },
{ "type": "Feature", "properties": { "id_celula": 4570 }, "geometry": { "type": "Polygon", "coordinates": [ [ [ -48.072491678410856, -16.016861379487146 ], [ -48.067824766883831, -16.016928179397414 ], [ -48.067755762453487, -16.012414494573228 ], [ -48.07242256941035, -16.012347714467534 ], [ -48.072491678410856, -16.016861379487146 ] ] ] } },
{ "type": "Feature", "properties": { "id_celula": 4571 }, "geometry": { "type": "Polygon", "coordinates": [ [ [ -48.07242256941035, -16.012347714467534 ], [ -48.067755762453487, -16.012414494573228 ], [ -48.067686780062765, -16.007900807565033 ], [ -48.072353482482846, -16.00783404726306 ], [ -48.07242256941035, -16.012347714467534 ] ] ] } },
{ "type": "Feature", "properties": { "id_celula": 4573 }, "geometry": { "type": "Polygon", "coordinates": [ [ [ -48.072284417626022, -16.003320377874303 ], [ -48.067617819709341, -16.003387118373411 ], [ -48.067548881390898, -15.998873426998932 ], [ -48.072215374837526, -15.998806706301828 ], [ -48.072284417626022, -16.003320377874303 ] ] ] } },
{ "type": "Feature", "properties": { "id_celula": 4574 }, "geometry": { "type": "Polygon", "coordinates": [ [ [ -48.072215374837526, -15.998806706301828 ], [ -48.067548881390898, -15.998873426998932 ], [ -48.067479965105107, -15.99435973344217 ], [ -48.072146354115063, -15.99429303254623 ], [ -48.072215374837526, -15.998806706301828 ] ] ] } },
{ "type": "Feature", "properties": { "id_celula": 4579 }, "geometry": { "type": "Polygon", "coordinates": [ [ [ -48.071870491838894, -15.976238315703959 ], [ -48.067204520242129, -15.976304937403834 ], [ -48.06713571408482, -15.971791232944296 ], [ -48.071801581411655, -15.971724631041303 ], [ -48.071870491838894, -15.976238315703959 ] ] ] } },
{ "type": "Feature", "properties": { "id_celula": 4592 }, "geometry": { "type": "Polygon", "coordinates": [ [ [ -48.070976375684346, -15.917560245238887 ], [ -48.066311756997067, -15.917626609645762 ], [ -48.066243236902963, -15.913112876906325 ], [ -48.070907751753467, -15.913046532285268 ], [ -48.070976375684346, -15.917560245238887 ] ] ] } },
{ "type": "Feature", "properties": { "id_celula": 4593 }, "geometry": { "type": "Polygon", "coordinates": [ [ [ -48.070907751753467, -15.913046532285268 ], [ -48.066243236902963, -15.913112876906325 ], [ -48.066174738797557, -15.908599141995543 ], [ -48.070839149844581, -15.908532817159443 ], [ -48.070907751753467, -15.913046532285268 ] ] ] } },
{ "type": "Feature", "properties": { "id_celula": 4594 }, "geometry": { "type": "Polygon", "coordinates": [ [ [ -48.070839149844581, -15.908532817159443 ], [ -48.066174738797557, -15.908599141995543 ], [ -48.066106262678531, -15.904085404913989 ], [ -48.070770569955371, -15.904019099862005 ], [ -48.070839149844581, -15.908532817159443 ] ] ] } },
{ "type": "Feature", "properties": { "id_celula": 4595 }, "geometry": { "type": "Polygon", "coordinates": [ [ [ -48.070770569955371, -15.904019099862005 ], [ -48.066106262678531, -15.904085404913989 ], [ -48.066037808543591, -15.899571665662229 ], [ -48.070702012083537, -15.899505380393508 ], [ -48.070770569955371, -15.904019099862005 ] ] ] } },
{ "type": "Feature", "properties": { "id_celula": 4599 }, "geometry": { "type": "Polygon", "coordinates": [ [ [ -48.070496470549216, -15.885964208967538 ], [ -48.06583257802027, -15.886030434891547 ], [ -48.065764211798644, -15.881516686964762 ], [ -48.070428000723822, -15.881450480820622 ], [ -48.070496470549216, -15.885964208967538 ] ] ] } },
{ "type": "Feature", "properties": { "id_celula": 4600 }, "geometry": { "type": "Polygon", "coordinates": [ [ [ -48.070428000723822, -15.881450480820622 ], [ -48.065764211798644, -15.881516686964762 ], [ -48.0656958675496, -15.877002936870657 ], [ -48.070359552904272, -15.876936750505543 ], [ -48.070428000723822, -15.881450480820622 ] ] ] } },
{ "type": "Feature", "properties": { "id_celula": 4601 }, "geometry": { "type": "Polygon", "coordinates": [ [ [ -48.070359552904272, -15.876936750505543 ], [ -48.0656958675496, -15.877002936870657 ], [ -48.065627545270836, -15.872489184609815 ], [ -48.070291127088268, -15.87242301802288 ], [ -48.070359552904272, -15.876936750505543 ] ] ] } },
{ "type": "Feature", "properties": { "id_celula": 4602 }, "geometry": { "type": "Polygon", "coordinates": [ [ [ -48.070291127088268, -15.87242301802288 ], [ -48.065627545270836, -15.872489184609815 ], [ -48.065559244960049, -15.867975430182804 ], [ -48.07022272327351, -15.8679092833732 ], [ -48.070291127088268, -15.87242301802288 ] ] ] } },
{ "type": "Feature", "properties": { "id_celula": 4605 }, "geometry": { "type": "Polygon", "coordinates": [ [ [ -48.070085981638513, -15.858881807575113 ], [ -48.065422710233221, -15.858947914832592 ], [ -48.065354475812597, -15.854434153910541 ], [ -48.070017643813685, -15.854368066427851 ], [ -48.070085981638513, -15.858881807575113 ] ] ] } },
{ "type": "Feature", "properties": { "id_celula": 4607 }, "geometry": { "type": "Polygon", "coordinates": [ [ [ -48.0699493279809, -15.849854323115881 ], [ -48.065286263350757, -15.849920390824623 ], [ -48.065218072845433, -15.845406625575425 ], [ -48.069881034137858, -15.845340577639783 ], [ -48.0699493279809, -15.849854323115881 ] ] ] } },
{ "type": "Feature", "properties": { "id_celula": 4608 }, "geometry": { "type": "Polygon", "coordinates": [ [ [ -48.069881034137858, -15.845340577639783 ], [ -48.065218072845433, -15.845406625575425 ], [ -48.065149904294302, -15.840892858163516 ], [ -48.069812762282275, -15.840826830000125 ], [ -48.069881034137858, -15.845340577639783 ] ] ] } },
{ "type": "Feature", "properties": { "id_celula": 4613 }, "geometry": { "type": "Polygon", "coordinates": [ [ [ -48.069539894688532, -15.822771817817483 ], [ -48.064877449586035, -15.822837766900289 ], [ -48.064809390771579, -15.818323988683476 ], [ -48.069471732735785, -15.818258059368704 ], [ -48.069539894688532, -15.822771817817483 ] ] ] } },
{ "type": "Feature", "properties": { "id_celula": 4614 }, "geometry": { "type": "Polygon", "coordinates": [ [ [ -48.069471732735785, -15.818258059368704 ], [ -48.064809390771579, -15.818323988683476 ], [ -48.064741353897595, -15.813810208307405 ], [ -48.069403592756721, -15.813744298759824 ], [ -48.069471732735785, -15.818258059368704 ] ] ] } },
{ "type": "Feature", "properties": { "id_celula": 4617 }, "geometry": { "type": "Polygon", "coordinates": [ [ [ -48.069267378710514, -15.804716771064085 ], [ -48.064605345961866, -15.804782641079811 ], [ -48.064537374895565, -15.80026885422944 ], [ -48.069199304638772, -15.800203003978382 ], [ -48.069267378710514, -15.804716771064085 ] ] ] } },
{ "type": "Feature", "properties": { "id_celula": 4618 }, "geometry": { "type": "Polygon", "coordinates": [ [ [ -48.069199304638772, -15.800203003978382 ], [ -48.064537374895565, -15.80026885422944 ], [ -48.064469425760578, -15.795755065222123 ], [ -48.069131252531577, -15.795689234734887 ], [ -48.069199304638772, -15.800203003978382 ] ] ] } },
{ "type": "Feature", "properties": { "id_celula": 4682 }, "geometry": { "type": "Polygon", "coordinates": [ [ [ -48.068170119711411, -16.039496570738159 ], [ -48.063502662779349, -16.039563368357776 ], [ -48.063433652855359, -16.035049674683364 ], [ -48.068101005048028, -16.034982896842617 ], [ -48.068170119711411, -16.039496570738159 ] ] ] } },
{ "type": "Feature", "properties": { "id_celula": 4683 }, "geometry": { "type": "Polygon", "coordinates": [ [ [ -48.068101005048028, -16.034982896842617 ], [ -48.063433652855359, -16.035049674683364 ], [ -48.063364664949241, -16.030535978822936 ], [ -48.068031912435913, -16.030469220760203 ], [ -48.068101005048028, -16.034982896842617 ] ] ] } },
{ "type": "Feature", "properties": { "id_celula": 4684 }, "geometry": { "type": "Polygon", "coordinates": [ [ [ -48.068031912435913, -16.030469220760203 ], [ -48.063364664949241, -16.030535978822936 ], [ -48.063295699058671, -16.026022280777052 ], [ -48.067962841872721, -16.025955542491477 ], [ -48.068031912435913, -16.030469220760203 ] ] ] } },
{ "type": "Feature", "properties": { "id_celula": 4685 }, "geometry": { "type": "Polygon", "coordinates": [ [ [ -48.067962841872721, -16.025955542491477 ], [ -48.063295699058671, -16.026022280777052 ], [ -48.063226755181319, -16.0215085805463 ], [ -48.067893793356141, -16.021441862037019 ], [ -48.067962841872721, -16.025955542491477 ] ] ] } },
{ "type": "Feature", "properties": { "id_celula": 4686 }, "geometry": { "type": "Polygon", "coordinates": [ [ [ -48.067893793356141, -16.021441862037019 ], [ -48.063226755181319, -16.0215085805463 ], [ -48.063157833314861, -16.016994878131243 ], [ -48.067824766883831, -16.016928179397414 ], [ -48.067893793356141, -16.021441862037019 ] ] ] } },
{ "type": "Feature", "properties": { "id_celula": 4688 }, "geometry": { "type": "Polygon", "coordinates": [ [ [ -48.067755762453487, -16.012414494573228 ], [ -48.063088933456989, -16.012481173532461 ], [ -48.063020055605364, -16.007967466750532 ], [ -48.067686780062765, -16.007900807565033 ], [ -48.067755762453487, -16.012414494573228 ] ] ] } },
{ "type": "Feature", "properties": { "id_celula": 4691 }, "geometry": { "type": "Polygon", "coordinates": [ [ [ -48.067548881390898, -15.998873426998932 ], [ -48.062882365911605, -15.998940046639515 ], [ -48.062813554064824, -15.99442633331158 ], [ -48.067479965105107, -15.99435973344217 ], [ -48.067548881390898, -15.998873426998932 ] ] ] } },
{ "type": "Feature", "properties": { "id_celula": 4708 }, "geometry": { "type": "Polygon", "coordinates": [ [ [ -48.066380299082176, -15.922140340213273 ], [ -48.061715554531531, -15.922206623859749 ], [ -48.061647116318802, -15.917692873535531 ], [ -48.066311756997067, -15.917626609645762 ], [ -48.066380299082176, -15.922140340213273 ] ] ] } },
{ "type": "Feature", "properties": { "id_celula": 4709 }, "geometry": { "type": "Polygon", "coordinates": [ [ [ -48.066311756997067, -15.917626609645762 ], [ -48.061647116318802, -15.917692873535531 ], [ -48.06157870006377, -15.913179121040239 ], [ -48.066243236902963, -15.913112876906325 ], [ -48.066311756997067, -15.917626609645762 ] ] ] } },
{ "type": "Feature", "properties": { "id_celula": 4710 }, "geometry": { "type": "Polygon", "coordinates": [ [ [ -48.066243236902963, -15.913112876906325 ], [ -48.06157870006377, -15.913179121040239 ], [ -48.061510305764138, -15.90866536637445 ], [ -48.066174738797557, -15.908599141995543 ], [ -48.066243236902963, -15.913112876906325 ] ] ] } },
{ "type": "Feature", "properties": { "id_celula": 4711 }, "geometry": { "type": "Polygon", "coordinates": [ [ [ -48.066174738797557, -15.908599141995543 ], [ -48.061510305764138, -15.90866536637445 ], [ -48.061441933417605, -15.904151609538726 ], [ -48.066106262678531, -15.904085404913989 ], [ -48.066174738797557, -15.908599141995543 ] ] ] } },
{ "type": "Feature", "properties": { "id_celula": 4712 }, "geometry": { "type": "Polygon", "coordinates": [ [ [ -48.066106262678531, -15.904085404913989 ], [ -48.061441933417605, -15.904151609538726 ], [ -48.061373583021862, -15.89963785053366 ], [ -48.066037808543591, -15.899571665662229 ], [ -48.066106262678531, -15.904085404913989 ] ] ] } },
{ "type": "Feature", "properties": { "id_celula": 4717 }, "geometry": { "type": "Polygon", "coordinates": [ [ [ -48.065764211798644, -15.881516686964762 ], [ -48.061100400900898, -15.881582792831408 ], [ -48.061032160224656, -15.877069022988227 ], [ -48.0656958675496, -15.877002936870657 ], [ -48.065764211798644, -15.881516686964762 ] ] ] } },
{ "type": "Feature", "properties": { "id_celula": 4718 }, "geometry": { "type": "Polygon", "coordinates": [ [ [ -48.0656958675496, -15.877002936870657 ], [ -48.061032160224656, -15.877069022988227 ], [ -48.060963941485426, -15.872555250979151 ], [ -48.065627545270836, -15.872489184609815 ], [ -48.0656958675496, -15.877002936870657 ] ] ] } },
{ "type": "Feature", "properties": { "id_celula": 4719 }, "geometry": { "type": "Polygon", "coordinates": [ [ [ -48.065627545270836, -15.872489184609815 ], [ -48.060963941485426, -15.872555250979151 ], [ -48.060895744680906, -15.868041476804752 ], [ -48.065559244960049, -15.867975430182804 ], [ -48.065627545270836, -15.872489184609815 ] ] ] } },
{ "type": "Feature", "properties": { "id_celula": 4720 }, "geometry": { "type": "Polygon", "coordinates": [ [ [ -48.065559244960049, -15.867975430182804 ], [ -48.060895744680906, -15.868041476804752 ], [ -48.060827569808815, -15.863527700465607 ], [ -48.065490966614945, -15.863461673590203 ], [ -48.065559244960049, -15.867975430182804 ] ] ] } },
{ "type": "Feature", "properties": { "id_celula": 4724 }, "geometry": { "type": "Polygon", "coordinates": [ [ [ -48.065286263350757, -15.849920390824623 ], [ -48.060623176764125, -15.849986358465461 ], [ -48.060555089598786, -15.845472573473099 ], [ -48.065218072845433, -15.845406625575425 ], [ -48.065286263350757, -15.849920390824623 ] ] ] } },
{ "type": "Feature", "properties": { "id_celula": 4725 }, "geometry": { "type": "Polygon", "coordinates": [ [ [ -48.065218072845433, -15.845406625575425 ], [ -48.060555089598786, -15.845472573473099 ], [ -48.060487024354416, -15.840958786318865 ], [ -48.065149904294302, -15.840892858163516 ], [ -48.065218072845433, -15.845406625575425 ] ] ] } },
{ "type": "Feature", "properties": { "id_celula": 4728 }, "geometry": { "type": "Polygon", "coordinates": [ [ [ -48.065013633045503, -15.831865316853866 ], [ -48.060350959619406, -15.831931205527109 ], [ -48.060282960124191, -15.827417411890732 ], [ -48.064945530343252, -15.827351542957278 ], [ -48.065013633045503, -15.831865316853866 ] ] ] } },
{ "type": "Feature", "properties": { "id_celula": 4729 }, "geometry": { "type": "Polygon", "coordinates": [ [ [ -48.064945530343252, -15.827351542957278 ], [ -48.060282960124191, -15.827417411890732 ], [ -48.060214982540785, -15.822903616094791 ], [ -48.064877449586035, -15.822837766900289 ], [ -48.064945530343252, -15.827351542957278 ] ] ] } },
{ "type": "Feature", "properties": { "id_celula": 4730 }, "geometry": { "type": "Polygon", "coordinates": [ [ [ -48.064877449586035, -15.822837766900289 ], [ -48.060214982540785, -15.822903616094791 ], [ -48.060147026866915, -15.818389818139869 ], [ -48.064809390771579, -15.818323988683476 ], [ -48.064877449586035, -15.822837766900289 ] ] ] } },
{ "type": "Feature", "properties": { "id_celula": 4731 }, "geometry": { "type": "Polygon", "coordinates": [ [ [ -48.064809390771579, -15.818323988683476 ], [ -48.060147026866915, -15.818389818139869 ], [ -48.060079093100285, -15.813876018026535 ], [ -48.064741353897595, -15.813810208307405 ], [ -48.064809390771579, -15.818323988683476 ] ] ] } },
{ "type": "Feature", "properties": { "id_celula": 4732 }, "geometry": { "type": "Polygon", "coordinates": [ [ [ -48.064741353897595, -15.813810208307405 ], [ -48.060079093100285, -15.813876018026535 ], [ -48.060011181238615, -15.809362215755369 ], [ -48.064673338961789, -15.809296425772654 ], [ -48.064741353897595, -15.813810208307405 ] ] ] } },
{ "type": "Feature", "properties": { "id_celula": 4733 }, "geometry": { "type": "Polygon", "coordinates": [ [ [ -48.064673338961789, -15.809296425772654 ], [ -48.060011181238615, -15.809362215755369 ], [ -48.059943291279623, -15.804848411326942 ], [ -48.064605345961866, -15.804782641079811 ], [ -48.064673338961789, -15.809296425772654 ] ] ] } },
{ "type": "Feature", "properties": { "id_celula": 4734 }, "geometry": { "type": "Polygon", "coordinates": [ [ [ -48.064605345961866, -15.804782641079811 ], [ -48.059943291279623, -15.804848411326942 ], [ -48.05987542322103, -15.800334604741833 ], [ -48.064537374895565, -15.80026885422944 ], [ -48.064605345961866, -15.804782641079811 ] ] ] } },
{ "type": "Feature", "properties": { "id_celula": 4735 }, "geometry": { "type": "Polygon", "coordinates": [ [ [ -48.064537374895565, -15.80026885422944 ], [ -48.05987542322103, -15.800334604741833 ], [ -48.059807577060539, -15.795820796000616 ], [ -48.064469425760578, -15.795755065222123 ], [ -48.064537374895565, -15.80026885422944 ] ] ] } },
{ "type": "Feature", "properties": { "id_celula": 4798 }, "geometry": { "type": "Polygon", "coordinates": [ [ [ -48.063571694723535, -16.044077059845591 ], [ -48.058904110996167, -16.044143775886411 ], [ -48.0588351838271, -16.039630064648865 ], [ -48.063502662779349, -16.039563368357776 ], [ -48.063571694723535, -16.044077059845591 ] ] ] } },
{ "type": "Feature", "properties": { "id_celula": 4799 }, "geometry": { "type": "Polygon", "coordinates": [ [ [ -48.063502662779349, -16.039563368357776 ], [ -48.0588351838271, -16.039630064648865 ], [ -48.058766278644818, -16.035116351225579 ], [ -48.063433652855359, -16.035049674683364 ], [ -48.063502662779349, -16.039563368357776 ] ] ] } },
{ "type": "Feature", "properties": { "id_celula": 4800 }, "geometry": { "type": "Polygon", "coordinates": [ [ [ -48.063433652855359, -16.035049674683364 ], [ -48.058766278644818, -16.035116351225579 ], [ -48.058697395447034, -16.030602635617118 ], [ -48.063364664949241, -16.030535978822936 ], [ -48.063433652855359, -16.035049674683364 ] ] ] } },
{ "type": "Feature", "properties": { "id_celula": 4801 }, "geometry": { "type": "Polygon", "coordinates": [ [ [ -48.063364664949241, -16.030535978822936 ], [ -48.058697395447034, -16.030602635617118 ], [ -48.058628534231396, -16.026088917824065 ], [ -48.063295699058671, -16.026022280777052 ], [ -48.063364664949241, -16.030535978822936 ] ] ] } },
{ "type": "Feature", "properties": { "id_celula": 4802 }, "geometry": { "type": "Polygon", "coordinates": [ [ [ -48.063295699058671, -16.026022280777052 ], [ -48.058628534231396, -16.026088917824065 ], [ -48.058559694995601, -16.021575197846996 ], [ -48.063226755181319, -16.0215085805463 ], [ -48.063295699058671, -16.026022280777052 ] ] ] } },
{ "type": "Feature", "properties": { "id_celula": 4803 }, "geometry": { "type": "Polygon", "coordinates": [ [ [ -48.063226755181319, -16.0215085805463 ], [ -48.058559694995601, -16.021575197846996 ], [ -48.05849087773732, -16.017061475686479 ], [ -48.063157833314861, -16.016994878131243 ], [ -48.063226755181319, -16.0215085805463 ] ] ] } },
{ "type": "Feature", "properties": { "id_celula": 4804 }, "geometry": { "type": "Polygon", "coordinates": [ [ [ -48.063157833314861, -16.016994878131243 ], [ -48.05849087773732, -16.017061475686479 ], [ -48.058422082454243, -16.012547751343089 ], [ -48.063088933456989, -16.012481173532461 ], [ -48.063157833314861, -16.016994878131243 ] ] ] } },
{ "type": "Feature", "properties": { "id_celula": 4805 }, "geometry": { "type": "Polygon", "coordinates": [ [ [ -48.063088933456989, -16.012481173532461 ], [ -48.058422082454243, -16.012547751343089 ], [ -48.058353309144039, -16.008034024817405 ], [ -48.063020055605364, -16.007967466750532 ], [ -48.063088933456989, -16.012481173532461 ] ] ] } },
{ "type": "Feature", "properties": { "id_celula": 4806 }, "geometry": { "type": "Polygon", "coordinates": [ [ [ -48.063020055605364, -16.007967466750532 ], [ -48.058353309144039, -16.008034024817405 ], [ -48.058284557804406, -16.003520296109993 ], [ -48.062951199757677, -16.003453757786023 ], [ -48.063020055605364, -16.007967466750532 ] ] ] } },
{ "type": "Feature", "properties": { "id_celula": 4807 }, "geometry": { "type": "Polygon", "coordinates": [ [ [ -48.062951199757677, -16.003453757786023 ], [ -48.058284557804406, -16.003520296109993 ], [ -48.058215828433021, -15.999006565221441 ], [ -48.062882365911605, -15.998940046639515 ], [ -48.062951199757677, -16.003453757786023 ] ] ] } },
{ "type": "Feature", "properties": { "id_celula": 4824 }, "geometry": { "type": "Polygon", "coordinates": [ [ [ -48.061784014704266, -15.926720372012316 ], [ -48.057119144285622, -15.926786574837204 ], [ -48.057050788020874, -15.922272806957039 ], [ -48.061715554531531, -15.922206623859749 ], [ -48.061784014704266, -15.926720372012316 ] ] ] } },
{ "type": "Feature", "properties": { "id_celula": 4825 }, "geometry": { "type": "Polygon", "coordinates": [ [ [ -48.061715554531531, -15.922206623859749 ], [ -48.057050788020874, -15.922272806957039 ], [ -48.056982453682821, -15.917759036906075 ], [ -48.061647116318802, -15.917692873535531 ], [ -48.061715554531531, -15.922206623859749 ] ] ] } },
{ "type": "Feature", "properties": { "id_celula": 4826 }, "geometry": { "type": "Polygon", "coordinates": [ [ [ -48.061647116318802, -15.917692873535531 ], [ -48.056982453682821, -15.917759036906075 ], [ -48.056914141269175, -15.91324526468488 ], [ -48.06157870006377, -15.913179121040239 ], [ -48.061647116318802, -15.917692873535531 ] ] ] } },
{ "type": "Feature", "properties": { "id_celula": 4827 }, "geometry": { "type": "Polygon", "coordinates": [ [ [ -48.06157870006377, -15.913179121040239 ], [ -48.056914141269175, -15.91324526468488 ], [ -48.056845850777627, -15.908731490294034 ], [ -48.061510305764138, -15.90866536637445 ], [ -48.06157870006377, -15.913179121040239 ] ] ] } },
{ "type": "Feature", "properties": { "id_celula": 4828 }, "geometry": { "type": "Polygon", "coordinates": [ [ [ -48.061510305764138, -15.90866536637445 ], [ -48.056845850777627, -15.908731490294034 ], [ -48.056777582205882, -15.904217713734106 ], [ -48.061441933417605, -15.904151609538726 ], [ -48.061510305764138, -15.90866536637445 ] ] ] } },
{ "type": "Feature", "properties": { "id_celula": 4829 }, "geometry": { "type": "Polygon", "coordinates": [ [ [ -48.061441933417605, -15.904151609538726 ], [ -48.056777582205882, -15.904217713734106 ], [ -48.056709335551645, -15.899703935005681 ], [ -48.061373583021862, -15.89963785053366 ], [ -48.061441933417605, -15.904151609538726 ] ] ] } },
{ "type": "Feature", "properties": { "id_celula": 4830 }, "geometry": { "type": "Polygon", "coordinates": [ [ [ -48.061373583021862, -15.89963785053366 ], [ -48.056709335551645, -15.899703935005681 ], [ -48.05664111081262, -15.895190154109326 ], [ -48.061305254574627, -15.895124089359822 ], [ -48.061373583021862, -15.89963785053366 ] ] ] } },
{ "type": "Feature", "properties": { "id_celula": 4834 }, "geometry": { "type": "Polygon", "coordinates": [ [ [ -48.061100400900898, -15.881582792831408 ], [ -48.056436568063837, -15.881648798418443 ], [ -48.056368430962699, -15.877135008856124 ], [ -48.061032160224656, -15.877069022988227 ], [ -48.061100400900898, -15.881582792831408 ] ] ] } },
{ "type": "Feature", "properties": { "id_celula": 4835 }, "geometry": { "type": "Polygon", "coordinates": [ [ [ -48.061032160224656, -15.877069022988227 ], [ -48.056368430962699, -15.877135008856124 ], [ -48.056300315765299, -15.872621217128755 ], [ -48.060963941485426, -15.872555250979151 ], [ -48.061032160224656, -15.877069022988227 ] ] ] } },
{ "type": "Feature", "properties": { "id_celula": 4836 }, "geometry": { "type": "Polygon", "coordinates": [ [ [ -48.060963941485426, -15.872555250979151 ], [ -48.056300315765299, -15.872621217128755 ], [ -48.056232222469347, -15.868107423236914 ], [ -48.060895744680906, -15.868041476804752 ], [ -48.060963941485426, -15.872555250979151 ] ] ] } },
{ "type": "Feature", "properties": { "id_celula": 4837 }, "geometry": { "type": "Polygon", "coordinates": [ [ [ -48.060895744680906, -15.868041476804752 ], [ -48.056232222469347, -15.868107423236914 ], [ -48.056164151072558, -15.863593627181169 ], [ -48.060827569808815, -15.863527700465607 ], [ -48.060895744680906, -15.868041476804752 ] ] ] } },
{ "type": "Feature", "properties": { "id_celula": 4840 }, "geometry": { "type": "Polygon", "coordinates": [ [ [ -48.060691285852712, -15.854500141295393 ], [ -48.056028073967283, -15.854566028580281 ], [ -48.05596006825423, -15.850052226036283 ], [ -48.060623176764125, -15.849986358465461 ], [ -48.060691285852712, -15.854500141295393 ] ] ] } },
{ "type": "Feature", "properties": { "id_celula": 4842 }, "geometry": { "type": "Polygon", "coordinates": [ [ [ -48.060555089598786, -15.845472573473099 ], [ -48.055892084431186, -15.845538421330692 ], [ -48.055824122495856, -15.841024614464075 ], [ -48.060487024354416, -15.840958786318865 ], [ -48.060555089598786, -15.845472573473099 ] ] ] } },
{ "type": "Feature", "properties": { "id_celula": 4843 }, "geometry": { "type": "Polygon", "coordinates": [ [ [ -48.060487024354416, -15.840958786318865 ], [ -48.055824122495856, -15.841024614464075 ], [ -48.055756182445954, -15.836510805437008 ], [ -48.060418981028711, -15.836444997003344 ], [ -48.060487024354416, -15.840958786318865 ] ] ] } },
{ "type": "Feature", "properties": { "id_celula": 4844 }, "geometry": { "type": "Polygon", "coordinates": [ [ [ -48.060418981028711, -15.836444997003344 ], [ -48.055756182445954, -15.836510805437008 ], [ -48.055688264279205, -15.831996994250073 ], [ -48.060350959619406, -15.831931205527109 ], [ -48.060418981028711, -15.836444997003344 ] ] ] } },
{ "type": "Feature", "properties": { "id_celula": 4845 }, "geometry": { "type": "Polygon", "coordinates": [ [ [ -48.060350959619406, -15.831931205527109 ], [ -48.055688264279205, -15.831996994250073 ], [ -48.055620367993313, -15.827483180903839 ], [ -48.060282960124191, -15.827417411890732 ], [ -48.060350959619406, -15.831931205527109 ] ] ] } },
{ "type": "Feature", "properties": { "id_celula": 4915 }, "geometry": { "type": "Polygon", "coordinates": [ [ [ -48.058904110996167, -16.044143775886411 ], [ -48.054236505279675, -16.044210390566569 ], [ -48.054167682888036, -16.039696659609284 ], [ -48.0588351838271, -16.039630064648865 ], [ -48.058904110996167, -16.044143775886411 ] ] ] } },
{ "type": "Feature", "properties": { "id_celula": 4917 }, "geometry": { "type": "Polygon", "coordinates": [ [ [ -48.058766278644818, -16.035116351225579 ], [ -48.0540988824498, -16.035182926467101 ], [ -48.05403010396266, -16.030669191140611 ], [ -48.058697395447034, -16.030602635617118 ], [ -48.058766278644818, -16.035116351225579 ] ] ] } },
{ "type": "Feature", "properties": { "id_celula": 4919 }, "geometry": { "type": "Polygon", "coordinates": [ [ [ -48.058628534231396, -16.026088917824065 ], [ -48.053961347424284, -16.026155453630377 ], [ -48.053892612832364, -16.02164171393698 ], [ -48.058559694995601, -16.021575197846996 ], [ -48.058628534231396, -16.026088917824065 ] ] ] } },
{ "type": "Feature", "properties": { "id_celula": 4920 }, "geometry": { "type": "Polygon", "coordinates": [ [ [ -48.058559694995601, -16.021575197846996 ], [ -48.053892612832364, -16.02164171393698 ], [ -48.053823900184575, -16.017127972060987 ], [ -48.05849087773732, -16.017061475686479 ], [ -48.058559694995601, -16.021575197846996 ] ] ] } },
{ "type": "Feature", "properties": { "id_celula": 4921 }, "geometry": { "type": "Polygon", "coordinates": [ [ [ -48.05849087773732, -16.017061475686479 ], [ -48.053823900184575, -16.017127972060987 ], [ -48.053755209478616, -16.012614228002974 ], [ -48.058422082454243, -16.012547751343089 ], [ -48.05849087773732, -16.017061475686479 ] ] ] } },
{ "type": "Feature", "properties": { "id_celula": 4923 }, "geometry": { "type": "Polygon", "coordinates": [ [ [ -48.058353309144039, -16.008034024817405 ], [ -48.053686540712157, -16.008100481763517 ], [ -48.053617893882887, -16.003586733343191 ], [ -48.058284557804406, -16.003520296109993 ], [ -48.058353309144039, -16.008034024817405 ] ] ] } },
{ "type": "Feature", "properties": { "id_celula": 4925 }, "geometry": { "type": "Polygon", "coordinates": [ [ [ -48.058215828433021, -15.999006565221441 ], [ -48.053549268988498, -15.999072982742566 ], [ -48.053480666026672, -15.994559229962224 ], [ -48.058147121027559, -15.994492832152311 ], [ -48.058215828433021, -15.999006565221441 ] ] ] } },
{ "type": "Feature", "properties": { "id_celula": 4941 }, "geometry": { "type": "Polygon", "coordinates": [ [ [ -48.057119144285622, -15.926786574837204 ], [ -48.052454251937981, -15.926852677080818 ], [ -48.052385999583514, -15.922338889503015 ], [ -48.057050788020874, -15.922272806957039 ], [ -48.057119144285622, -15.926786574837204 ] ] ] } },
{ "type": "Feature", "properties": { "id_celula": 4942 }, "geometry": { "type": "Polygon", "coordinates": [ [ [ -48.057050788020874, -15.922272806957039 ], [ -48.052385999583514, -15.922338889503015 ], [ -48.052317769122446, -15.917825099755262 ], [ -48.056982453682821, -15.917759036906075 ], [ -48.057050788020874, -15.922272806957039 ] ] ] } },
{ "type": "Feature", "properties": { "id_celula": 4943 }, "geometry": { "type": "Polygon", "coordinates": [ [ [ -48.056982453682821, -15.917759036906075 ], [ -48.052317769122446, -15.917825099755262 ], [ -48.052249560552475, -15.913311307838127 ], [ -48.056914141269175, -15.91324526468488 ], [ -48.056982453682821, -15.917759036906075 ] ] ] } },
{ "type": "Feature", "properties": { "id_celula": 4944 }, "geometry": { "type": "Polygon", "coordinates": [ [ [ -48.056914141269175, -15.91324526468488 ], [ -48.052249560552475, -15.913311307838127 ], [ -48.052181373871313, -15.90879751375218 ], [ -48.056845850777627, -15.908731490294034 ], [ -48.056914141269175, -15.91324526468488 ] ] ] } },
{ "type": "Feature", "properties": { "id_celula": 4945 }, "geometry": { "type": "Polygon", "coordinates": [ [ [ -48.056845850777627, -15.908731490294034 ], [ -48.052181373871313, -15.90879751375218 ], [ -48.052113209076651, -15.904283717498 ], [ -48.056777582205882, -15.904217713734106 ], [ -48.056845850777627, -15.908731490294034 ] ] ] } },
{ "type": "Feature", "properties": { "id_celula": 4946 }, "geometry": { "type": "Polygon", "coordinates": [ [ [ -48.056777582205882, -15.904217713734106 ], [ -48.052113209076651, -15.904283717498 ], [ -48.052045066166215, -15.899769919076162 ], [ -48.056709335551645, -15.899703935005681 ], [ -48.056777582205882, -15.904217713734106 ] ] ] } },
{ "type": "Feature", "properties": { "id_celula": 4947 }, "geometry": { "type": "Polygon", "coordinates": [ [ [ -48.056709335551645, -15.899703935005681 ], [ -48.052045066166215, -15.899769919076162 ], [ -48.051976945137696, -15.895256118487241 ], [ -48.05664111081262, -15.895190154109326 ], [ -48.056709335551645, -15.899703935005681 ] ] ] } },
{ "type": "Feature", "properties": { "id_celula": 4948 }, "geometry": { "type": "Polygon", "coordinates": [ [ [ -48.05664111081262, -15.895190154109326 ], [ -48.051976945137696, -15.895256118487241 ], [ -48.051908845988805, -15.890742315731814 ], [ -48.056572907986499, -15.890676371045613 ], [ -48.05664111081262, -15.895190154109326 ] ] ] } },
{ "type": "Feature", "properties": { "id_celula": 4951 }, "geometry": { "type": "Polygon", "coordinates": [ [ [ -48.056436568063837, -15.881648798418443 ], [ -48.051772713320752, -15.881714703723738 ], [ -48.051704679797005, -15.877200894472232 ], [ -48.056368430962699, -15.877135008856124 ], [ -48.056436568063837, -15.881648798418443 ] ] ] } },
{ "type": "Feature", "properties": { "id_celula": 4958 }, "geometry": { "type": "Polygon", "coordinates": [ [ [ -48.05596006825423, -15.850052226036283 ], [ -48.051296937854346, -15.850117993534969 ], [ -48.051229057375863, -15.845604169146087 ], [ -48.055892084431186, -15.845538421330692 ], [ -48.05596006825423, -15.850052226036283 ] ] ] } },
{ "type": "Feature", "properties": { "id_celula": 4960 }, "geometry": { "type": "Polygon", "coordinates": [ [ [ -48.055824122495856, -15.841024614464075 ], [ -48.051161198751856, -15.84109034259702 ], [ -48.051093361980044, -15.836576513888348 ], [ -48.055756182445954, -15.836510805437008 ], [ -48.055824122495856, -15.841024614464075 ] ] ] } },
{ "type": "Feature", "properties": { "id_celula": 4961 }, "geometry": { "type": "Polygon", "coordinates": [ [ [ -48.055756182445954, -15.836510805437008 ], [ -48.051093361980044, -15.836576513888348 ], [ -48.051025547058146, -15.832062683020645 ], [ -48.055688264279205, -15.831996994250073 ], [ -48.055756182445954, -15.836510805437008 ] ] ] } },
{ "type": "Feature", "properties": { "id_celula": 4962 }, "geometry": { "type": "Polygon", "coordinates": [ [ [ -48.055688264279205, -15.831996994250073 ], [ -48.051025547058146, -15.832062683020645 ], [ -48.050957753983866, -15.82754884999448 ], [ -48.055620367993313, -15.827483180903839 ], [ -48.055688264279205, -15.831996994250073 ] ] ] } },
{ "type": "Feature", "properties": { "id_celula": 4968 }, "geometry": { "type": "Polygon", "coordinates": [ [ [ -48.055281214696983, -15.804914081803364 ], [ -48.050619116247162, -15.804979652506972 ], [ -48.050551454210819, -15.800465806542155 ], [ -48.05521344964837, -15.80040025551344 ], [ -48.055281214696983, -15.804914081803364 ] ] ] } },
{ "type": "Feature", "properties": { "id_celula": 5035 }, "geometry": { "type": "Polygon", "coordinates": [ [ [ -48.05403010396266, -16.030669191140611 ], [ -48.049362790529521, -16.030735645391271 ], [ -48.049294138670724, -16.026221888193842 ], [ -48.053961347424284, -16.026155453630377 ], [ -48.05403010396266, -16.030669191140611 ] ] ] } },
{ "type": "Feature", "properties": { "id_celula": 5036 }, "geometry": { "type": "Polygon", "coordinates": [ [ [ -48.053961347424284, -16.026155453630377 ], [ -48.049294138670724, -16.026221888193842 ], [ -48.049225508724994, -16.021708128814108 ], [ -48.053892612832364, -16.02164171393698 ], [ -48.053961347424284, -16.026155453630377 ] ] ] } },
{ "type": "Feature", "properties": { "id_celula": 5037 }, "geometry": { "type": "Polygon", "coordinates": [ [ [ -48.053892612832364, -16.02164171393698 ], [ -48.049225508724994, -16.021708128814108 ], [ -48.049156900690015, -16.017194367252628 ], [ -48.053823900184575, -16.017127972060987 ], [ -48.053892612832364, -16.02164171393698 ] ] ] } },
{ "type": "Feature", "properties": { "id_celula": 5038 }, "geometry": { "type": "Polygon", "coordinates": [ [ [ -48.053823900184575, -16.017127972060987 ], [ -48.049156900690015, -16.017194367252628 ], [ -48.049088314563484, -16.012680603509978 ], [ -48.053755209478616, -16.012614228002974 ], [ -48.053823900184575, -16.017127972060987 ] ] ] } },
{ "type": "Feature", "properties": { "id_celula": 5039 }, "geometry": { "type": "Polygon", "coordinates": [ [ [ -48.053755209478616, -16.012614228002974 ], [ -48.049088314563484, -16.012680603509978 ], [ -48.049019750343071, -16.008166837586739 ], [ -48.053686540712157, -16.008100481763517 ], [ -48.053755209478616, -16.012614228002974 ] ] ] } },
{ "type": "Feature", "properties": { "id_celula": 5040 }, "geometry": { "type": "Polygon", "coordinates": [ [ [ -48.053686540712157, -16.008100481763517 ], [ -48.049019750343071, -16.008166837586739 ], [ -48.048951208026487, -16.00365306948347 ], [ -48.053617893882887, -16.003586733343191 ], [ -48.053686540712157, -16.008100481763517 ] ] ] } },
{ "type": "Feature", "properties": { "id_celula": 5058 }, "geometry": { "type": "Polygon", "coordinates": [ [ [ -48.052454251937981, -15.926852677080818 ], [ -48.047789337694638, -15.926918678741037 ], [ -48.047721189252762, -15.922404871495564 ], [ -48.052385999583514, -15.922338889503015 ], [ -48.052454251937981, -15.926852677080818 ] ] ] } },
{ "type": "Feature", "properties": { "id_celula": 5059 }, "geometry": { "type": "Polygon", "coordinates": [ [ [ -48.052385999583514, -15.922338889503015 ], [ -48.047721189252762, -15.922404871495564 ], [ -48.047653062670975, -15.917891062080972 ], [ -48.052317769122446, -15.917825099755262 ], [ -48.052385999583514, -15.922338889503015 ] ] ] } },
{ "type": "Feature", "properties": { "id_celula": 5060 }, "geometry": { "type": "Polygon", "coordinates": [ [ [ -48.052317769122446, -15.917825099755262 ], [ -48.047653062670975, -15.917891062080972 ], [ -48.047584957946981, -15.913377250497847 ], [ -48.052249560552475, -15.913311307838127 ], [ -48.052317769122446, -15.917825099755262 ] ] ] } },
{ "type": "Feature", "properties": { "id_celula": 5061 }, "geometry": { "type": "Polygon", "coordinates": [ [ [ -48.052249560552475, -15.913311307838127 ], [ -48.047584957946981, -15.913377250497847 ], [ -48.047516875078493, -15.90886343674676 ], [ -48.052181373871313, -15.90879751375218 ], [ -48.052249560552475, -15.913311307838127 ] ] ] } },
{ "type": "Feature", "properties": { "id_celula": 5062 }, "geometry": { "type": "Polygon", "coordinates": [ [ [ -48.052181373871313, -15.90879751375218 ], [ -48.047516875078493, -15.90886343674676 ], [ -48.047448814063209, -15.904349620828285 ], [ -48.052113209076651, -15.904283717498 ], [ -48.052181373871313, -15.90879751375218 ] ] ] } },
{ "type": "Feature", "properties": { "id_celula": 5063 }, "geometry": { "type": "Polygon", "coordinates": [ [ [ -48.052113209076651, -15.904283717498 ], [ -48.047448814063209, -15.904349620828285 ], [ -48.047380774898855, -15.899835802742992 ], [ -48.052045066166215, -15.899769919076162 ], [ -48.052113209076651, -15.904283717498 ] ] ] } },
{ "type": "Feature", "properties": { "id_celula": 5064 }, "geometry": { "type": "Polygon", "coordinates": [ [ [ -48.052045066166215, -15.899769919076162 ], [ -48.047380774898855, -15.899835802742992 ], [ -48.047312757583143, -15.895321982491458 ], [ -48.051976945137696, -15.895256118487241 ], [ -48.052045066166215, -15.899769919076162 ] ] ] } },
{ "type": "Feature", "properties": { "id_celula": 5065 }, "geometry": { "type": "Polygon", "coordinates": [ [ [ -48.051976945137696, -15.895256118487241 ], [ -48.047312757583143, -15.895321982491458 ], [ -48.04724476211377, -15.890808160074263 ], [ -48.051908845988805, -15.890742315731814 ], [ -48.051976945137696, -15.895256118487241 ] ] ] } },
{ "type": "Feature", "properties": { "id_celula": 5073 }, "geometry": { "type": "Polygon", "coordinates": [ [ [ -48.05143276438384, -15.85914563582989 ], [ -48.04676940533372, -15.859211342563551 ], [ -48.046701584552814, -15.85469750284172 ], [ -48.051364840189571, -15.854631815763096 ], [ -48.05143276438384, -15.85914563582989 ] ] ] } },
{ "type": "Feature", "properties": { "id_celula": 5075 }, "geometry": { "type": "Polygon", "coordinates": [ [ [ -48.051296937854346, -15.850117993534969 ], [ -48.046633785597692, -15.8501836609594 ], [ -48.046566008466066, -15.845669816917171 ], [ -48.051229057375863, -15.845604169146087 ], [ -48.051296937854346, -15.850117993534969 ] ] ] } },
{ "type": "Feature", "properties": { "id_celula": 5077 }, "geometry": { "type": "Polygon", "coordinates": [ [ [ -48.051161198751856, -15.84109034259702 ], [ -48.046498253155676, -15.841155970715594 ], [ -48.046430519664227, -15.836642122355244 ], [ -48.051093361980044, -15.836576513888348 ], [ -48.051161198751856, -15.84109034259702 ] ] ] } },
{ "type": "Feature", "properties": { "id_celula": 5085 }, "geometry": { "type": "Polygon", "coordinates": [ [ [ -48.050619116247162, -15.804979652506972 ], [ -48.045956995963373, -15.805045123435654 ], [ -48.045889436941572, -15.800531257825874 ], [ -48.050551454210819, -15.800465806542155 ], [ -48.050619116247162, -15.804979652506972 ] ] ] } },
{ "type": "Feature", "properties": { "id_celula": 5148 }, "geometry": { "type": "Polygon", "coordinates": [ [ [ -48.049637617141663, -16.048790652346337 ], [ -48.044969862731648, -16.048857083959348 ], [ -48.044901228012904, -16.044343315836311 ], [ -48.049568877607456, -16.044276903883915 ], [ -48.049637617141663, -16.048790652346337 ] ] ] } },
{ "type": "Feature", "properties": { "id_celula": 5154 }, "geometry": { "type": "Polygon", "coordinates": [ [ [ -48.049225508724994, -16.021708128814108 ], [ -48.044558382706867, -16.02177444247625 ], [ -48.044489879287013, -16.017260661259261 ], [ -48.049156900690015, -16.017194367252628 ], [ -48.049225508724994, -16.021708128814108 ] ] ] } },
{ "type": "Feature", "properties": { "id_celula": 5155 }, "geometry": { "type": "Polygon", "coordinates": [ [ [ -48.049156900690015, -16.017194367252628 ], [ -48.044489879287013, -16.017260661259261 ], [ -48.044421397742212, -16.012746877861964 ], [ -48.049088314563484, -16.012680603509978 ], [ -48.049156900690015, -16.017194367252628 ] ] ] } },
{ "type": "Feature", "properties": { "id_celula": 5156 }, "geometry": { "type": "Polygon", "coordinates": [ [ [ -48.049088314563484, -16.012680603509978 ], [ -48.044421397742212, -16.012746877861964 ], [ -48.044352938070176, -16.008233092284925 ], [ -48.049019750343071, -16.008166837586739 ], [ -48.049088314563484, -16.012680603509978 ] ] ] } },
{ "type": "Feature", "properties": { "id_celula": 5157 }, "geometry": { "type": "Polygon", "coordinates": [ [ [ -48.049019750343071, -16.008166837586739 ], [ -48.044352938070176, -16.008233092284925 ], [ -48.044284500268574, -16.003719304528708 ], [ -48.048951208026487, -16.00365306948347 ], [ -48.049019750343071, -16.008166837586739 ] ] ] } },
{ "type": "Feature", "properties": { "id_celula": 5175 }, "geometry": { "type": "Polygon", "coordinates": [ [ [ -48.047789337694638, -15.926918678741037 ], [ -48.043124401588926, -15.926984579815736 ], [ -48.043056357061921, -15.922470752932545 ], [ -48.047721189252762, -15.922404871495564 ], [ -48.047789337694638, -15.926918678741037 ] ] ] } },
{ "type": "Feature", "properties": { "id_celula": 5176 }, "geometry": { "type": "Polygon", "coordinates": [ [ [ -48.047721189252762, -15.922404871495564 ], [ -48.043056357061921, -15.922470752932545 ], [ -48.042988334361695, -15.917956923881082 ], [ -48.047653062670975, -15.917891062080972 ], [ -48.047721189252762, -15.922404871495564 ] ] ] } },
{ "type": "Feature", "properties": { "id_celula": 5177 }, "geometry": { "type": "Polygon", "coordinates": [ [ [ -48.047653062670975, -15.917891062080972 ], [ -48.042988334361695, -15.917956923881082 ], [ -48.042920333485974, -15.913443092661927 ], [ -48.047584957946981, -15.913377250497847 ], [ -48.047653062670975, -15.917891062080972 ] ] ] } },
{ "type": "Feature", "properties": { "id_celula": 5178 }, "geometry": { "type": "Polygon", "coordinates": [ [ [ -48.047584957946981, -15.913377250497847 ], [ -48.042920333485974, -15.913443092661927 ], [ -48.042852354432455, -15.908929259275657 ], [ -48.047516875078493, -15.90886343674676 ], [ -48.047584957946981, -15.913377250497847 ] ] ] } },
{ "type": "Feature", "properties": { "id_celula": 5179 }, "geometry": { "type": "Polygon", "coordinates": [ [ [ -48.047516875078493, -15.90886343674676 ], [ -48.042852354432455, -15.908929259275657 ], [ -48.042784397198851, -15.904415423722838 ], [ -48.047448814063209, -15.904349620828285 ], [ -48.047516875078493, -15.90886343674676 ] ] ] } },
{ "type": "Feature", "properties": { "id_celula": 5180 }, "geometry": { "type": "Polygon", "coordinates": [ [ [ -48.047448814063209, -15.904349620828285 ], [ -48.042784397198851, -15.904415423722838 ], [ -48.042716461782874, -15.899901586004045 ], [ -48.047380774898855, -15.899835802742992 ], [ -48.047448814063209, -15.904349620828285 ] ] ] } },
{ "type": "Feature", "properties": { "id_celula": 5181 }, "geometry": { "type": "Polygon", "coordinates": [ [ [ -48.047380774898855, -15.899835802742992 ], [ -48.042716461782874, -15.899901586004045 ], [ -48.042648548182243, -15.895387746119852 ], [ -48.047312757583143, -15.895321982491458 ], [ -48.047380774898855, -15.899835802742992 ] ] ] } },
{ "type": "Feature", "properties": { "id_celula": 5182 }, "geometry": { "type": "Polygon", "coordinates": [ [ [ -48.047312757583143, -15.895321982491458 ], [ -48.042648548182243, -15.895387746119852 ], [ -48.042580656394676, -15.89087390407084 ], [ -48.04724476211377, -15.890808160074263 ], [ -48.047312757583143, -15.895321982491458 ] ] ] } },
{ "type": "Feature", "properties": { "id_celula": 5190 }, "geometry": { "type": "Polygon", "coordinates": [ [ [ -48.04676940533372, -15.859211342563551 ], [ -48.042106024455542, -15.859276949160968 ], [ -48.04203830709028, -15.85476308981405 ], [ -48.046701584552814, -15.85469750284172 ], [ -48.04676940533372, -15.859211342563551 ] ] ] } },
{ "type": "Feature", "properties": { "id_celula": 5191 }, "geometry": { "type": "Polygon", "coordinates": [ [ [ -48.046701584552814, -15.85469750284172 ], [ -48.04203830709028, -15.85476308981405 ], [ -48.041970611517534, -15.850249228307478 ], [ -48.046633785597692, -15.8501836609594 ], [ -48.046701584552814, -15.85469750284172 ] ] ] } },
{ "type": "Feature", "properties": { "id_celula": 5192 }, "geometry": { "type": "Polygon", "coordinates": [ [ [ -48.046633785597692, -15.8501836609594 ], [ -48.041970611517534, -15.850249228307478 ], [ -48.041902937735053, -15.845735364641834 ], [ -48.046566008466066, -15.845669816917171 ], [ -48.046633785597692, -15.8501836609594 ] ] ] } },
{ "type": "Feature", "properties": { "id_celula": 5197 }, "geometry": { "type": "Polygon", "coordinates": [ [ [ -48.046295118129059, -15.827614419160554 ], [ -48.041632460462147, -15.827679888399951 ], [ -48.0415648955968, -15.823166013947532 ], [ -48.046227450080785, -15.823100564327351 ], [ -48.046295118129059, -15.827614419160554 ] ] ] } },
{ "type": "Feature", "properties": { "id_celula": 5266 }, "geometry": { "type": "Polygon", "coordinates": [ [ [ -48.044901228012904, -16.044343315836311 ], [ -48.040233556529436, -16.044409626421626 ], [ -48.040165048484013, -16.03989583648508 ], [ -48.044832615183104, -16.039829545529521 ], [ -48.044901228012904, -16.044343315836311 ] ] ] } },
{ "type": "Feature", "properties": { "id_celula": 5289 }, "geometry": { "type": "Polygon", "coordinates": [ [ [ -48.043328666153549, -15.940526047449955 ], [ -48.038663396267374, -15.940591906765336 ], [ -48.038595390263382, -15.936078066780111 ], [ -48.043260556132445, -15.936012227075013 ], [ -48.043328666153549, -15.940526047449955 ] ] ] } },
{ "type": "Feature", "properties": { "id_celula": 5290 }, "geometry": { "type": "Polygon", "coordinates": [ [ [ -48.043260556132445, -15.936012227075013 ], [ -48.038595390263382, -15.936078066780111 ], [ -48.038527406059735, -15.931564224625735 ], [ -48.043192467945005, -15.931498404530084 ], [ -48.043260556132445, -15.936012227075013 ] ] ] } },
{ "type": "Feature", "properties": { "id_celula": 5297 }, "geometry": { "type": "Polygon", "coordinates": [ [ [ -48.042784397198851, -15.904415423722838 ], [ -48.038119958516859, -15.904481126179547 ], [ -48.038052126851547, -15.89996726885721 ], [ -48.042716461782874, -15.899901586004045 ], [ -48.042784397198851, -15.904415423722838 ] ] ] } },
{ "type": "Feature", "properties": { "id_celula": 5306 }, "geometry": { "type": "Polygon", "coordinates": [ [ [ -48.042173763615615, -15.863790806347659 ], [ -48.037510257491448, -15.86385633240271 ], [ -48.037442621782553, -15.859342455620032 ], [ -48.042106024455542, -15.859276949160968 ], [ -48.042173763615615, -15.863790806347659 ] ] ] } },
{ "type": "Feature", "properties": { "id_celula": 5382 }, "geometry": { "type": "Polygon", "coordinates": [ [ [ -48.040302086430387, -16.04892341417527 ], [ -48.035634288271297, -16.048989642991977 ], [ -48.035565863190442, -16.044475835637723 ], [ -48.040233556529436, -16.044409626421626 ], [ -48.040302086430387, -16.04892341417527 ] ] ] } },
{ "type": "Feature", "properties": { "id_celula": 5383 }, "geometry": { "type": "Polygon", "coordinates": [ [ [ -48.040233556529436, -16.044409626421626 ], [ -48.035565863190442, -16.044475835637723 ], [ -48.035497459931712, -16.039962026101406 ], [ -48.040165048484013, -16.03989583648508 ], [ -48.040233556529436, -16.044409626421626 ] ] ] } },
{ "type": "Feature", "properties": { "id_celula": 5384 }, "geometry": { "type": "Polygon", "coordinates": [ [ [ -48.040165048484013, -16.03989583648508 ], [ -48.035497459931712, -16.039962026101406 ], [ -48.035429078492797, -16.035448214383614 ], [ -48.040096562291801, -16.035382044366198 ], [ -48.040165048484013, -16.03989583648508 ] ] ] } },
{ "type": "Feature", "properties": { "id_celula": 5385 }, "geometry": { "type": "Polygon", "coordinates": [ [ [ -48.040096562291801, -16.035382044366198 ], [ -48.035429078492797, -16.035448214383614 ], [ -48.035360718871388, -16.030934400484899 ], [ -48.040028097950497, -16.030868250065549 ], [ -48.040096562291801, -16.035382044366198 ] ] ] } },
{ "type": "Feature", "properties": { "id_celula": 5404 }, "geometry": { "type": "Polygon", "coordinates": [ [ [ -48.038799473685529, -15.949619580226043 ], [ -48.034133973857962, -15.949685378024943 ], [ -48.034066028332468, -15.945171522797727 ], [ -48.038731424073994, -15.94510574458084 ], [ -48.038799473685529, -15.949619580226043 ] ] ] } },
{ "type": "Feature", "properties": { "id_celula": 5405 }, "geometry": { "type": "Polygon", "coordinates": [ [ [ -48.038731424073994, -15.94510574458084 ], [ -48.034066028332468, -15.945171522797727 ], [ -48.033998104578565, -15.940657665401071 ], [ -48.038663396267374, -15.940591906765336 ], [ -48.038731424073994, -15.94510574458084 ] ] ] } },
{ "type": "Feature", "properties": { "id_celula": 5406 }, "geometry": { "type": "Polygon", "coordinates": [ [ [ -48.038663396267374, -15.940591906765336 ], [ -48.033998104578565, -15.940657665401071 ], [ -48.033930202593979, -15.936143805835529 ], [ -48.038595390263382, -15.936078066780111 ], [ -48.038663396267374, -15.940591906765336 ] ] ] } },
{ "type": "Feature", "properties": { "id_celula": 5422 }, "geometry": { "type": "Polygon", "coordinates": [ [ [ -48.037577914964174, -15.868370207025425 ], [ -48.032914283589463, -15.868435652476958 ], [ -48.032846729603456, -15.863921758287372 ], [ -48.037510257491448, -15.86385633240271 ], [ -48.037577914964174, -15.868370207025425 ] ] ] } },
{ "type": "Feature", "properties": { "id_celula": 5425 }, "geometry": { "type": "Polygon", "coordinates": [ [ [ -48.037375007835202, -15.854828576677972 ], [ -48.032711686820861, -15.85489396343138 ], [ -48.032644198019725, -15.85038006276613 ], [ -48.037307415647135, -15.850314695577085 ], [ -48.037375007835202, -15.854828576677972 ] ] ] } },
{ "type": "Feature", "properties": { "id_celula": 5430 }, "geometry": { "type": "Polygon", "coordinates": [ [ [ -48.03703726444212, -15.832259149596911 ], [ -48.03237446002997, -15.832324438536844 ], [ -48.032307079824889, -15.827810527090309 ], [ -48.036969781016339, -15.827745257710566 ], [ -48.03703726444212, -15.832259149596911 ] ] ] } },
{ "type": "Feature", "properties": { "id_celula": 5499 }, "geometry": { "type": "Polygon", "coordinates": [ [ [ -48.035634288271297, -16.048989642991977 ], [ -48.030966468287779, -16.049055770407342 ], [ -48.03089814802933, -16.044541943482471 ], [ -48.035565863190442, -16.044475835637723 ], [ -48.035634288271297, -16.048989642991977 ] ] ] } },
{ "type": "Feature", "properties": { "id_celula": 5500 }, "geometry": { "type": "Polygon", "coordinates": [ [ [ -48.035565863190442, -16.044475835637723 ], [ -48.03089814802933, -16.044541943482471 ], [ -48.030829849559595, -16.040028114376394 ], [ -48.035497459931712, -16.039962026101406 ], [ -48.035565863190442, -16.044475835637723 ] ] ] } },
{ "type": "Feature", "properties": { "id_celula": 5501 }, "geometry": { "type": "Polygon", "coordinates": [ [ [ -48.035497459931712, -16.039962026101406 ], [ -48.030829849559595, -16.040028114376394 ], [ -48.03076157287628, -16.035514283089675 ], [ -48.035429078492797, -16.035448214383614 ], [ -48.035497459931712, -16.039962026101406 ] ] ] } },
{ "type": "Feature", "properties": { "id_celula": 5502 }, "geometry": { "type": "Polygon", "coordinates": [ [ [ -48.035429078492797, -16.035448214383614 ], [ -48.03076157287628, -16.035514283089675 ], [ -48.030693317977075, -16.031000449622887 ], [ -48.035360718871388, -16.030934400484899 ], [ -48.035429078492797, -16.035448214383614 ] ] ] } },
{ "type": "Feature", "properties": { "id_celula": 5503 }, "geometry": { "type": "Polygon", "coordinates": [ [ [ -48.035360718871388, -16.030934400484899 ], [ -48.030693317977075, -16.031000449622887 ], [ -48.030625084859686, -16.026486613976608 ], [ -48.03529238106519, -16.026420584405844 ], [ -48.035360718871388, -16.030934400484899 ] ] ] } },
{ "type": "Feature", "properties": { "id_celula": 5520 }, "geometry": { "type": "Polygon", "coordinates": [ [ [ -48.034201941157328, -15.954199231082129 ], [ -48.029536315434207, -15.954264947692197 ], [ -48.029468452256502, -15.949751075082141 ], [ -48.034133973857962, -15.949685378024943 ], [ -48.034201941157328, -15.954199231082129 ] ] ] } },
{ "type": "Feature", "properties": { "id_celula": 5521 }, "geometry": { "type": "Polygon", "coordinates": [ [ [ -48.034133973857962, -15.949685378024943 ], [ -48.029468452256502, -15.949751075082141 ], [ -48.029400610819344, -15.945237200302898 ], [ -48.034066028332468, -15.945171522797727 ], [ -48.034133973857962, -15.949685378024943 ] ] ] } },
{ "type": "Feature", "properties": { "id_celula": 5540 }, "geometry": { "type": "Polygon", "coordinates": [ [ [ -48.032846729603456, -15.863921758287372 ], [ -48.028183179984914, -15.863987083999529 ], [ -48.02811575118519, -15.859473168114711 ], [ -48.032779197348013, -15.859407861938651 ], [ -48.032846729603456, -15.863921758287372 ] ] ] } },
{ "type": "Feature", "properties": { "id_celula": 5544 }, "geometry": { "type": "Polygon", "coordinates": [ [ [ -48.032576730942331, -15.845866159943478 ], [ -48.02791359494713, -15.845931407516261 ], [ -48.027846252913925, -15.841417483004021 ], [ -48.032509285586428, -15.841352254963997 ], [ -48.032576730942331, -15.845866159943478 ] ] ] } },
{ "type": "Feature", "properties": { "id_celula": 5546 }, "geometry": { "type": "Polygon", "coordinates": [ [ [ -48.032441861949721, -15.836838347828261 ], [ -48.027778932566683, -15.83690355633636 ], [ -48.027711633903138, -15.832389627513857 ], [ -48.03237446002997, -15.832324438536844 ], [ -48.032441861949721, -15.836838347828261 ] ] ] } },
{ "type": "Feature", "properties": { "id_celula": 5548 }, "geometry": { "type": "Polygon", "coordinates": [ [ [ -48.032307079824889, -15.827810527090309 ], [ -48.02764435692103, -15.827875696537072 ], [ -48.0275771016181, -15.823361763406592 ], [ -48.032239721332218, -15.823296613489248 ], [ -48.032307079824889, -15.827810527090309 ] ] ] } },
{ "type": "Feature", "properties": { "id_celula": 5616 }, "geometry": { "type": "Polygon", "coordinates": [ [ [ -48.030966468287779, -16.049055770407342 ], [ -48.026298626513245, -16.049121796419239 ], [ -48.026230411079496, -16.04460794995375 ], [ -48.03089814802933, -16.044541943482471 ], [ -48.030966468287779, -16.049055770407342 ] ] ] } },
{ "type": "Feature", "properties": { "id_celula": 5617 }, "geometry": { "type": "Polygon", "coordinates": [ [ [ -48.03089814802933, -16.044541943482471 ], [ -48.026230411079496, -16.04460794995375 ], [ -48.026162217401072, -16.040094101307901 ], [ -48.030829849559595, -16.040028114376394 ], [ -48.03089814802933, -16.044541943482471 ] ] ] } },
{ "type": "Feature", "properties": { "id_celula": 5618 }, "geometry": { "type": "Polygon", "coordinates": [ [ [ -48.030829849559595, -16.040028114376394 ], [ -48.026162217401072, -16.040094101307901 ], [ -48.026094045475652, -16.035580250482258 ], [ -48.03076157287628, -16.035514283089675 ], [ -48.030829849559595, -16.040028114376394 ] ] ] } },
{ "type": "Feature", "properties": { "id_celula": 5619 }, "geometry": { "type": "Polygon", "coordinates": [ [ [ -48.03076157287628, -16.035514283089675 ], [ -48.026094045475652, -16.035580250482258 ], [ -48.026025895300947, -16.031066397477392 ], [ -48.030693317977075, -16.031000449622887 ], [ -48.03076157287628, -16.035514283089675 ] ] ] } },
{ "type": "Feature", "properties": { "id_celula": 5620 }, "geometry": { "type": "Polygon", "coordinates": [ [ [ -48.030693317977075, -16.031000449622887 ], [ -48.026025895300947, -16.031066397477392 ], [ -48.025957766874669, -16.026552542293878 ], [ -48.030625084859686, -16.026486613976608 ], [ -48.030693317977075, -16.031000449622887 ] ] ] } },
{ "type": "Feature", "properties": { "id_celula": 5621 }, "geometry": { "type": "Polygon", "coordinates": [ [ [ -48.030625084859686, -16.026486613976608 ], [ -48.025957766874669, -16.026552542293878 ], [ -48.025889660194508, -16.022038684932287 ], [ -48.030556873521803, -16.021972776151404 ], [ -48.030625084859686, -16.026486613976608 ] ] ] } },
{ "type": "Feature", "properties": { "id_celula": 5636 }, "geometry": { "type": "Polygon", "coordinates": [ [ [ -48.029604200354747, -15.958778818132499 ], [ -48.024938448731511, -15.958844453492537 ], [ -48.024870667968251, -15.954330563528497 ], [ -48.029536315434207, -15.954264947692197 ], [ -48.029604200354747, -15.958778818132499 ] ] ] } },
{ "type": "Feature", "properties": { "id_celula": 5637 }, "geometry": { "type": "Polygon", "coordinates": [ [ [ -48.029536315434207, -15.954264947692197 ], [ -48.024870667968251, -15.954330563528497 ], [ -48.024802908914502, -15.949816671395531 ], [ -48.029468452256502, -15.949751075082141 ], [ -48.029536315434207, -15.954264947692197 ] ] ] } },
{ "type": "Feature", "properties": { "id_celula": 5657 }, "geometry": { "type": "Polygon", "coordinates": [ [ [ -48.028183179984914, -15.863987083999529 ], [ -48.023519608669062, -15.864052309537085 ], [ -48.023452283327337, -15.859538374146119 ], [ -48.02811575118519, -15.859473168114711 ], [ -48.028183179984914, -15.863987083999529 ] ] ] } },
{ "type": "Feature", "properties": { "id_celula": 5658 }, "geometry": { "type": "Polygon", "coordinates": [ [ [ -48.02811575118519, -15.859473168114711 ], [ -48.023452283327337, -15.859538374146119 ], [ -48.023384979647382, -15.855024436598264 ], [ -48.028048344080496, -15.854959250072177 ], [ -48.02811575118519, -15.859473168114711 ] ] ] } },
{ "type": "Feature", "properties": { "id_celula": 5661 }, "geometry": { "type": "Polygon", "coordinates": [ [ [ -48.02791359494713, -15.845931407516261 ], [ -48.023250437263705, -15.845996555034223 ], [ -48.023183198555465, -15.841482611019162 ], [ -48.027846252913925, -15.841417483004021 ], [ -48.02791359494713, -15.845931407516261 ] ] ] } },
{ "type": "Feature", "properties": { "id_celula": 5734 }, "geometry": { "type": "Polygon", "coordinates": [ [ [ -48.026230411079496, -16.04460794995375 ], [ -48.021562652374357, -16.044673855049432 ], [ -48.021494563489526, -16.040159986893801 ], [ -48.026162217401072, -16.040094101307901 ], [ -48.026230411079496, -16.04460794995375 ] ] ] } },
{ "type": "Feature", "properties": { "id_celula": 5735 }, "geometry": { "type": "Polygon", "coordinates": [ [ [ -48.026162217401072, -16.040094101307901 ], [ -48.021494563489526, -16.040159986893801 ], [ -48.021426496324302, -16.035646116559239 ], [ -48.026094045475652, -16.035580250482258 ], [ -48.026162217401072, -16.040094101307901 ] ] ] } },
{ "type": "Feature", "properties": { "id_celula": 5736 }, "geometry": { "type": "Polygon", "coordinates": [ [ [ -48.026094045475652, -16.035580250482258 ], [ -48.021426496324302, -16.035646116559239 ], [ -48.021358450876399, -16.031132244046287 ], [ -48.026025895300947, -16.031066397477392 ], [ -48.026094045475652, -16.035580250482258 ] ] ] } },
{ "type": "Feature", "properties": { "id_celula": 5737 }, "geometry": { "type": "Polygon", "coordinates": [ [ [ -48.026025895300947, -16.031066397477392 ], [ -48.021358450876399, -16.031132244046287 ], [ -48.021290427143526, -16.026618369355528 ], [ -48.025957766874669, -16.026552542293878 ], [ -48.026025895300947, -16.031066397477392 ] ] ] } },
{ "type": "Feature", "properties": { "id_celula": 5738 }, "geometry": { "type": "Polygon", "coordinates": [ [ [ -48.025957766874669, -16.026552542293878 ], [ -48.021290427143526, -16.026618369355528 ], [ -48.021222425123383, -16.02210449248755 ], [ -48.025889660194508, -16.022038684932287 ], [ -48.025957766874669, -16.026552542293878 ] ] ] } },
{ "type": "Feature", "properties": { "id_celula": 5752 }, "geometry": { "type": "Polygon", "coordinates": [ [ [ -48.025006251206548, -15.963358341287099 ], [ -48.020340373678614, -15.963423895335886 ], [ -48.020272675396484, -15.958909988046715 ], [ -48.024938448731511, -15.958844453492537 ], [ -48.025006251206548, -15.963358341287099 ] ] ] } },
{ "type": "Feature", "properties": { "id_celula": 5753 }, "geometry": { "type": "Polygon", "coordinates": [ [ [ -48.024938448731511, -15.958844453492537 ], [ -48.020272675396484, -15.958909988046715 ], [ -48.020204998792792, -15.954396078588898 ], [ -48.024870667968251, -15.954330563528497 ], [ -48.024938448731511, -15.958844453492537 ] ] ] } },
{ "type": "Feature", "properties": { "id_celula": 5760 }, "geometry": { "type": "Polygon", "coordinates": [ [ [ -48.024464439208437, -15.927247178217023 ], [ -48.019799394290459, -15.927312576332417 ], [ -48.01973186937213, -15.922798651710085 ], [ -48.024396810363804, -15.922733273082589 ], [ -48.024464439208437, -15.927247178217023 ] ] ] } },
{ "type": "Feature", "properties": { "id_celula": 5768 }, "geometry": { "type": "Polygon", "coordinates": [ [ [ -48.02392401574339, -15.891135876556271 ], [ -48.019259801303271, -15.891201118791884 ], [ -48.01919244960326, -15.886687176873034 ], [ -48.023856560383486, -15.886621954118635 ], [ -48.02392401574339, -15.891135876556271 ] ] ] } },
{ "type": "Feature", "properties": { "id_celula": 5769 }, "geometry": { "type": "Polygon", "coordinates": [ [ [ -48.023856560383486, -15.886621954118635 ], [ -48.01919244960326, -15.886687176873034 ], [ -48.019125119545336, -15.882173232794697 ], [ -48.023789126698937, -15.882108029520678 ], [ -48.023856560383486, -15.886621954118635 ] ] ] } },
{ "type": "Feature", "properties": { "id_celula": 5770 }, "geometry": { "type": "Polygon", "coordinates": [ [ [ -48.023789126698937, -15.882108029520678 ], [ -48.019125119545336, -15.882173232794697 ], [ -48.019057811127233, -15.877659286557446 ], [ -48.02372171468749, -15.877594102762963 ], [ -48.023789126698937, -15.882108029520678 ] ] ] } },
{ "type": "Feature", "properties": { "id_celula": 5773 }, "geometry": { "type": "Polygon", "coordinates": [ [ [ -48.023586955674823, -15.8685662427706 ], [ -48.018923259201422, -15.868631387608499 ], [ -48.018856015689188, -15.864117434897953 ], [ -48.023519608669062, -15.864052309537085 ], [ -48.023586955674823, -15.8685662427706 ] ] ] } },
{ "type": "Feature", "properties": { "id_celula": 5774 }, "geometry": { "type": "Polygon", "coordinates": [ [ [ -48.023519608669062, -15.864052309537085 ], [ -48.018856015689188, -15.864117434897953 ], [ -48.018788793807715, -15.859603480030779 ], [ -48.023452283327337, -15.859538374146119 ], [ -48.023519608669062, -15.864052309537085 ] ] ] } },
{ "type": "Feature", "properties": { "id_celula": 5778 }, "geometry": { "type": "Polygon", "coordinates": [ [ [ -48.023250437263705, -15.845996555034223 ], [ -48.018587257925297, -15.846061602495263 ], [ -48.018520122544281, -15.841547639007329 ], [ -48.023183198555465, -15.841482611019162 ], [ -48.023250437263705, -15.845996555034223 ] ] ] } },
{ "type": "Feature", "properties": { "id_celula": 5786 }, "geometry": { "type": "Polygon", "coordinates": [ [ [ -48.02271313374731, -15.809884942617453 ], [ -48.018050780095962, -15.809949834318786 ], [ -48.017983817607536, -15.805435853616869 ], [ -48.022646068197552, -15.805370981381762 ], [ -48.02271313374731, -15.809884942617453 ] ] ] } },
{ "type": "Feature", "properties": { "id_celula": 5787 }, "geometry": { "type": "Polygon", "coordinates": [ [ [ -48.022646068197552, -15.805370981381762 ], [ -48.017983817607536, -15.805435853616869 ], [ -48.017916876720562, -15.800921870765778 ], [ -48.022579024282457, -15.800857017996069 ], [ -48.022646068197552, -15.805370981381762 ] ] ] } },
{ "type": "Feature", "properties": { "id_celula": 5798 }, "geometry": { "type": "Polygon", "coordinates": [ [ [ -48.021909774542209, -15.755717266015523 ], [ -48.017248655435054, -15.755781924176855 ], [ -48.017181952015541, -15.751267917722776 ], [ -48.021842968459772, -15.75120327901773 ], [ -48.021909774542209, -15.755717266015523 ] ] ] } },
{ "type": "Feature", "properties": { "id_celula": 5850 }, "geometry": { "type": "Polygon", "coordinates": [ [ [ -48.02163076298109, -16.049187721025543 ], [ -48.016962877724737, -16.049253544224122 ], [ -48.016894871947294, -16.044739658767398 ], [ -48.021562652374357, -16.044673855049432 ], [ -48.02163076298109, -16.049187721025543 ] ] ] } },
{ "type": "Feature", "properties": { "id_celula": 5851 }, "geometry": { "type": "Polygon", "coordinates": [ [ [ -48.021562652374357, -16.044673855049432 ], [ -48.016894871947294, -16.044739658767398 ], [ -48.016826887858365, -16.040225771132 ], [ -48.021494563489526, -16.040159986893801 ], [ -48.021562652374357, -16.044673855049432 ] ] ] } },
{ "type": "Feature", "properties": { "id_celula": 5853 }, "geometry": { "type": "Polygon", "coordinates": [ [ [ -48.021426496324302, -16.035646116559239 ], [ -48.016758925455633, -16.035711881318495 ], [ -48.016690984736833, -16.031197989327456 ], [ -48.021358450876399, -16.031132244046287 ], [ -48.021426496324302, -16.035646116559239 ] ] ] } },
{ "type": "Feature", "properties": { "id_celula": 5855 }, "geometry": { "type": "Polygon", "coordinates": [ [ [ -48.021290427143526, -16.026618369355528 ], [ -48.016623065699655, -16.026684095159453 ], [ -48.016555168341817, -16.022170198815072 ], [ -48.021222425123383, -16.02210449248755 ], [ -48.021290427143526, -16.026618369355528 ] ] ] } },
{ "type": "Feature", "properties": { "id_celula": 5856 }, "geometry": { "type": "Polygon", "coordinates": [ [ [ -48.021222425123383, -16.02210449248755 ], [ -48.016555168341817, -16.022170198815072 ], [ -48.016487292661033, -16.017656300294863 ], [ -48.021154444813689, -16.017590613442902 ], [ -48.021222425123383, -16.02210449248755 ] ] ] } },
{ "type": "Feature", "properties": { "id_celula": 5857 }, "geometry": { "type": "Polygon", "coordinates": [ [ [ -48.021154444813689, -16.017590613442902 ], [ -48.016487292661033, -16.017656300294863 ], [ -48.016419438655021, -16.01314239959941 ], [ -48.021086486212134, -16.013076732222167 ], [ -48.021154444813689, -16.017590613442902 ] ] ] } },
{ "type": "Feature", "properties": { "id_celula": 5884 }, "geometry": { "type": "Polygon", "coordinates": [ [ [ -48.019327174647621, -15.895715058550675 ], [ -48.014662834867693, -15.89578021987988 ], [ -48.014595565218798, -15.891266260669001 ], [ -48.019259801303271, -15.891201118791884 ], [ -48.019327174647621, -15.895715058550675 ] ] ] } },
{ "type": "Feature", "properties": { "id_celula": 5885 }, "geometry": { "type": "Polygon", "coordinates": [ [ [ -48.019259801303271, -15.891201118791884 ], [ -48.014595565218798, -15.891266260669001 ], [ -48.014528317180954, -15.886752299298896 ], [ -48.01919244960326, -15.886687176873034 ], [ -48.019259801303271, -15.891201118791884 ] ] ] } },
{ "type": "Feature", "properties": { "id_celula": 5886 }, "geometry": { "type": "Polygon", "coordinates": [ [ [ -48.01919244960326, -15.886687176873034 ], [ -48.014528317180954, -15.886752299298896 ], [ -48.014461090751922, -15.882238335770133 ], [ -48.019125119545336, -15.882173232794697 ], [ -48.01919244960326, -15.886687176873034 ] ] ] } },
{ "type": "Feature", "properties": { "id_celula": 5887 }, "geometry": { "type": "Polygon", "coordinates": [ [ [ -48.019125119545336, -15.882173232794697 ], [ -48.014461090751922, -15.882238335770133 ], [ -48.014393885929422, -15.877724370083293 ], [ -48.019057811127233, -15.877659286557446 ], [ -48.019125119545336, -15.882173232794697 ] ] ] } },
{ "type": "Feature", "properties": { "id_celula": 5888 }, "geometry": { "type": "Polygon", "coordinates": [ [ [ -48.019057811127233, -15.877659286557446 ], [ -48.014393885929422, -15.877724370083293 ], [ -48.014326702711202, -15.87321040223895 ], [ -48.018990524346684, -15.87314533816186 ], [ -48.019057811127233, -15.877659286557446 ] ] ] } },
{ "type": "Feature", "properties": { "id_celula": 5889 }, "geometry": { "type": "Polygon", "coordinates": [ [ [ -48.018990524346684, -15.87314533816186 ], [ -48.014326702711202, -15.87321040223895 ], [ -48.014259541094994, -15.868696432237673 ], [ -48.018923259201422, -15.868631387608499 ], [ -48.018990524346684, -15.87314533816186 ] ] ] } },
{ "type": "Feature", "properties": { "id_celula": 5890 }, "geometry": { "type": "Polygon", "coordinates": [ [ [ -48.018923259201422, -15.868631387608499 ], [ -48.014259541094994, -15.868696432237673 ], [ -48.014192401078546, -15.864182460080023 ], [ -48.018856015689188, -15.864117434897953 ], [ -48.018923259201422, -15.868631387608499 ] ] ] } },
{ "type": "Feature", "properties": { "id_celula": 5894 }, "geometry": { "type": "Polygon", "coordinates": [ [ [ -48.018654414928029, -15.850575563828855 ], [ -48.013991110605161, -15.850640530674657 ], [ -48.013924056965166, -15.84612654989729 ], [ -48.018587257925297, -15.846061602495263 ], [ -48.018654414928029, -15.850575563828855 ] ] ] } },
{ "type": "Feature", "properties": { "id_celula": 5898 }, "geometry": { "type": "Polygon", "coordinates": [ [ [ -48.018385916638401, -15.832519705570784 ], [ -48.013723025566982, -15.832584594646512 ], [ -48.013656058267358, -15.828070605258592 ], [ -48.018318846109025, -15.828005735623302 ], [ -48.018385916638401, -15.832519705570784 ] ] ] } },
{ "type": "Feature", "properties": { "id_celula": 5903 }, "geometry": { "type": "Polygon", "coordinates": [ [ [ -48.018050780095962, -15.809949834318786 ], [ -48.013388404840924, -15.810014626200605 ], [ -48.013321545416098, -15.805500626062399 ], [ -48.017983817607536, -15.805435853616869 ], [ -48.018050780095962, -15.809949834318786 ] ] ] } },
{ "type": "Feature", "properties": { "id_celula": 5972 }, "geometry": { "type": "Polygon", "coordinates": [ [ [ -48.016623065699655, -16.026684095159453 ], [ -48.011955682576442, -16.026749719703538 ], [ -48.011887889883198, -16.022235803912739 ], [ -48.016555168341817, -16.022170198815072 ], [ -48.016623065699655, -16.026684095159453 ] ] ] } },
{ "type": "Feature", "properties": { "id_celula": 5973 }, "geometry": { "type": "Polygon", "coordinates": [ [ [ -48.016555168341817, -16.022170198815072 ], [ -48.011887889883198, -16.022235803912739 ], [ -48.011820118833619, -16.017721885946965 ], [ -48.016487292661033, -16.017656300294863 ], [ -48.016555168341817, -16.022170198815072 ] ] ] } },
{ "type": "Feature", "properties": { "id_celula": 5974 }, "geometry": { "type": "Polygon", "coordinates": [ [ [ -48.016487292661033, -16.017656300294863 ], [ -48.011820118833619, -16.017721885946965 ], [ -48.011752369425423, -16.013207965806789 ], [ -48.016419438655021, -16.01314239959941 ], [ -48.016487292661033, -16.017656300294863 ] ] ] } },
{ "type": "Feature", "properties": { "id_celula": 5989 }, "geometry": { "type": "Polygon", "coordinates": [ [ [ -48.015471757142159, -15.949947561782455 ], [ -48.010806148778492, -15.95001285585178 ], [ -48.010738723717488, -15.945498903164111 ], [ -48.015404227983701, -15.945433628526933 ], [ -48.015471757142159, -15.949947561782455 ] ] ] } },
{ "type": "Feature", "properties": { "id_celula": 6001 }, "geometry": { "type": "Polygon", "coordinates": [ [ [ -48.014662834867693, -15.89578021987988 ], [ -48.009998473474433, -15.895845280818538 ], [ -48.009931307523253, -15.891331302185524 ], [ -48.014595565218798, -15.891266260669001 ], [ -48.014662834867693, -15.89578021987988 ] ] ] } },
{ "type": "Feature", "properties": { "id_celula": 6002 }, "geometry": { "type": "Polygon", "coordinates": [ [ [ -48.014595565218798, -15.891266260669001 ], [ -48.009931307523253, -15.891331302185524 ], [ -48.009864163149857, -15.886817321394119 ], [ -48.014528317180954, -15.886752299298896 ], [ -48.014595565218798, -15.891266260669001 ] ] ] } },
{ "type": "Feature", "properties": { "id_celula": 6003 }, "geometry": { "type": "Polygon", "coordinates": [ [ [ -48.014528317180954, -15.886752299298896 ], [ -48.009864163149857, -15.886817321394119 ], [ -48.00979704035197, -15.88230333844489 ], [ -48.014461090751922, -15.882238335770133 ], [ -48.014528317180954, -15.886752299298896 ] ] ] } },
{ "type": "Feature", "properties": { "id_celula": 6004 }, "geometry": { "type": "Polygon", "coordinates": [ [ [ -48.014461090751922, -15.882238335770133 ], [ -48.00979704035197, -15.88230333844489 ], [ -48.00972993912734, -15.877789353338416 ], [ -48.014393885929422, -15.877724370083293 ], [ -48.014461090751922, -15.882238335770133 ] ] ] } },
{ "type": "Feature", "properties": { "id_celula": 6005 }, "geometry": { "type": "Polygon", "coordinates": [ [ [ -48.014393885929422, -15.877724370083293 ], [ -48.00972993912734, -15.877789353338416 ], [ -48.0096628594737, -15.873275366075267 ], [ -48.014326702711202, -15.87321040223895 ], [ -48.014393885929422, -15.877724370083293 ] ] ] } },
{ "type": "Feature", "properties": { "id_celula": 6009 }, "geometry": { "type": "Polygon", "coordinates": [ [ [ -48.014125282659592, -15.859668485766598 ], [ -48.009461749916227, -15.859733391351487 ], [ -48.009394756524031, -15.855219395467355 ], [ -48.014058185835886, -15.855154509297948 ], [ -48.014125282659592, -15.859668485766598 ] ] ] } },
{ "type": "Feature", "properties": { "id_celula": 6014 }, "geometry": { "type": "Polygon", "coordinates": [ [ [ -48.013790014448325, -15.837098581882643 ], [ -48.00912699852995, -15.837163390398441 ], [ -48.009060112913851, -15.832649383750972 ], [ -48.013723025566982, -15.832584594646512 ], [ -48.013790014448325, -15.837098581882643 ] ] ] } },
{ "type": "Feature", "properties": { "id_celula": 6015 }, "geometry": { "type": "Polygon", "coordinates": [ [ [ -48.013723025566982, -15.832584594646512 ], [ -48.009060112913851, -15.832649383750972 ], [ -48.008993248846224, -15.82813537495255 ], [ -48.013656058267358, -15.828070605258592 ], [ -48.013723025566982, -15.832584594646512 ] ] ] } },
{ "type": "Feature", "properties": { "id_celula": 6019 }, "geometry": { "type": "Polygon", "coordinates": [ [ [ -48.013455285836223, -15.814528624189908 ], [ -48.008792785911666, -15.814593335657332 ], [ -48.008726008015429, -15.810079318260843 ], [ -48.013388404840924, -15.810014626200605 ], [ -48.013455285836223, -15.814528624189908 ] ] ] } },
{ "type": "Feature", "properties": { "id_celula": 6091 }, "geometry": { "type": "Polygon", "coordinates": [ [ [ -48.011820118833619, -16.017721885946965 ], [ -48.007152923364835, -16.017787370397098 ], [ -48.007085278556737, -16.013273430842187 ], [ -48.011752369425423, -16.013207965806789 ], [ -48.011820118833619, -16.017721885946965 ] ] ] } },
{ "type": "Feature", "properties": { "id_celula": 6092 }, "geometry": { "type": "Polygon", "coordinates": [ [ [ -48.011752369425423, -16.013207965806789 ], [ -48.007085278556737, -16.013273430842187 ], [ -48.007017655354353, -16.008759489114279 ], [ -48.011684641656323, -16.008694043492778 ], [ -48.011752369425423, -16.013207965806789 ] ] ] } },
{ "type": "Feature", "properties": { "id_celula": 6121 }, "geometry": { "type": "Polygon", "coordinates": [ [ [ -48.00979704035197, -15.88230333844489 ], [ -48.005132968378753, -15.882368240816882 ], [ -48.005065970754252, -15.877854236320724 ], [ -48.00972993912734, -15.877789353338416 ], [ -48.00979704035197, -15.88230333844489 ] ] ] } },
{ "type": "Feature", "properties": { "id_celula": 6122 }, "geometry": { "type": "Polygon", "coordinates": [ [ [ -48.00972993912734, -15.877789353338416 ], [ -48.005065970754252, -15.877854236320724 ], [ -48.00499899466746, -15.873340229668722 ], [ -48.0096628594737, -15.873275366075267 ], [ -48.00972993912734, -15.877789353338416 ] ] ] } },
{ "type": "Feature", "properties": { "id_celula": 6208 }, "geometry": { "type": "Polygon", "coordinates": [ [ [ -48.007152923364835, -16.017787370397098 ], [ -48.002485706288049, -16.017852753643165 ], [ -48.002418166082329, -16.013338794703504 ], [ -48.007085278556737, -16.013273430842187 ], [ -48.007152923364835, -16.017787370397098 ] ] ] } },
{ "type": "Feature", "properties": { "id_celula": 6209 }, "geometry": { "type": "Polygon", "coordinates": [ [ [ -48.007085278556737, -16.013273430842187 ], [ -48.002418166082329, -16.013338794703504 ], [ -48.002350647448949, -16.008824833591696 ], [ -48.007017655354353, -16.008759489114279 ], [ -48.007085278556737, -16.013273430842187 ] ] ] } },
{ "type": "Feature", "properties": { "id_celula": 6238 }, "geometry": { "type": "Polygon", "coordinates": [ [ [ -48.005132968378753, -15.882368240816882 ], [ -48.000468874865568, -15.882433042884013 ], [ -48.000401980843442, -15.877919019028122 ], [ -48.005065970754252, -15.877854236320724 ], [ -48.005132968378753, -15.882368240816882 ] ] ] } },
{ "type": "Feature", "properties": { "id_celula": 6243 }, "geometry": { "type": "Polygon", "coordinates": [ [ [ -48.004798195610896, -15.859798196783359 ], [ -48.000134619776844, -15.859862902060144 ], [ -48.000067833254427, -15.855348867434893 ], [ -48.004731305652456, -15.855284181513703 ], [ -48.004798195610896, -15.859798196783359 ] ] ] } },
{ "type": "Feature", "properties": { "id_celula": 6259 }, "geometry": { "type": "Polygon", "coordinates": [ [ [ -48.003730538193388, -15.787573694431279 ], [ -47.999068613346033, -15.787638090117886 ], [ -47.999002170445799, -15.783124021126813 ], [ -48.003663992388923, -15.783059644782577 ], [ -48.003730538193388, -15.787573694431279 ] ] ] } },
{ "type": "Feature", "properties": { "id_celula": 6260 }, "geometry": { "type": "Polygon", "coordinates": [ [ [ -48.003663992388923, -15.783059644782577 ], [ -47.999002170445799, -15.783124021126813 ], [ -47.998935749002932, -15.778609949992735 ], [ -48.003597468075021, -15.778545592990046 ], [ -48.003663992388923, -15.783059644782577 ] ] ] } },
{ "type": "Feature", "properties": { "id_celula": 6261 }, "geometry": { "type": "Polygon", "coordinates": [ [ [ -48.003597468075021, -15.778545592990046 ], [ -47.998935749002932, -15.778609949992735 ], [ -47.998869349015195, -15.774095876716226 ], [ -48.003530965249475, -15.774031539054267 ], [ -48.003597468075021, -15.778545592990046 ] ] ] } },
{ "type": "Feature", "properties": { "id_celula": 6262 }, "geometry": { "type": "Polygon", "coordinates": [ [ [ -48.003530965249475, -15.774031539054267 ], [ -47.998869349015195, -15.774095876716226 ], [ -47.998802970480369, -15.769581801297871 ], [ -48.003464483910022, -15.769517482975816 ], [ -48.003530965249475, -15.774031539054267 ] ] ] } },
{ "type": "Feature", "properties": { "id_celula": 6326 }, "geometry": { "type": "Polygon", "coordinates": [ [ [ -48.002418166082329, -16.013338794703504 ], [ -47.997751032035602, -16.013404057388644 ], [ -47.997683617973486, -16.008890076922917 ], [ -48.002350647448949, -16.008824833591696 ], [ -48.002418166082329, -16.013338794703504 ] ] ] } },
{ "type": "Feature", "properties": { "id_celula": 6327 }, "geometry": { "type": "Polygon", "coordinates": [ [ [ -48.002350647448949, -16.008824833591696 ], [ -47.997683617973486, -16.008890076922917 ], [ -47.997616225448049, -16.004376094286442 ], [ -48.002283150385615, -16.004310870308295 ], [ -48.002350647448949, -16.008824833591696 ] ] ] } },
{ "type": "Feature", "properties": { "id_celula": 6329 }, "geometry": { "type": "Polygon", "coordinates": [ [ [ -48.002215674890067, -15.999796904853881 ], [ -47.997548854457015, -15.999862109479785 ], [ -47.997481504998106, -15.995348122503525 ], [ -48.002148220960024, -15.995282937229028 ], [ -48.002215674890067, -15.999796904853881 ] ] ] } },
{ "type": "Feature", "properties": { "id_celula": 6330 }, "geometry": { "type": "Polygon", "coordinates": [ [ [ -48.002148220960024, -15.995282937229028 ], [ -47.997481504998106, -15.995348122503525 ], [ -47.997414177069061, -15.990834133358229 ], [ -48.002080788593204, -15.990768967434292 ], [ -48.002148220960024, -15.995282937229028 ] ] ] } },
{ "type": "Feature", "properties": { "id_celula": 6355 }, "geometry": { "type": "Polygon", "coordinates": [ [ [ -48.000468874865568, -15.882433042884013 ], [ -47.99580475984569, -15.882497744644208 ], [ -47.995737969428198, -15.877983701458543 ], [ -48.000401980843442, -15.877919019028122 ], [ -48.000468874865568, -15.882433042884013 ] ] ] } },
{ "type": "Feature", "properties": { "id_celula": 6356 }, "geometry": { "type": "Polygon", "coordinates": [ [ [ -48.000401980843442, -15.877919019028122 ], [ -47.995737969428198, -15.877983701458543 ], [ -47.995671200481858, -15.873469656118697 ], [ -48.000335108325757, -15.873404993017221 ], [ -48.000401980843442, -15.877919019028122 ] ] ] } },
{ "type": "Feature", "properties": { "id_celula": 6357 }, "geometry": { "type": "Polygon", "coordinates": [ [ [ -48.000335108325757, -15.873404993017221 ], [ -47.995671200481858, -15.873469656118697 ], [ -47.995604453004432, -15.868955608625233 ], [ -48.00026825731026, -15.868890964851877 ], [ -48.000335108325757, -15.873404993017221 ] ] ] } },
{ "type": "Feature", "properties": { "id_celula": 6358 }, "geometry": { "type": "Polygon", "coordinates": [ [ [ -48.00026825731026, -15.868890964851877 ], [ -47.995604453004432, -15.868955608625233 ], [ -47.995537726993682, -15.864441558978726 ], [ -48.000201427794707, -15.864376934532656 ], [ -48.00026825731026, -15.868890964851877 ] ] ] } },
{ "type": "Feature", "properties": { "id_celula": 6369 }, "geometry": { "type": "Polygon", "coordinates": [ [ [ -47.999534314641735, -15.819236513003363 ], [ -47.994871647059412, -15.819300944221975 ], [ -47.99480515703403, -15.814786870929712 ], [ -47.999467721477338, -15.814722459029312 ], [ -47.999534314641735, -15.819236513003363 ] ] ] } },
{ "type": "Feature", "properties": { "id_celula": 6376 }, "geometry": { "type": "Polygon", "coordinates": [ [ [ -47.999068613346033, -15.787638090117886 ], [ -47.994406667039087, -15.787702386126339 ], [ -47.994340327045315, -15.78318829782282 ], [ -47.999002170445799, -15.783124021126813 ], [ -47.999068613346033, -15.787638090117886 ] ] ] } },
{ "type": "Feature", "properties": { "id_celula": 6377 }, "geometry": { "type": "Polygon", "coordinates": [ [ [ -47.999002170445799, -15.783124021126813 ], [ -47.994340327045315, -15.78318829782282 ], [ -47.994274008475699, -15.778674207377117 ], [ -47.998935749002932, -15.778609949992735 ], [ -47.999002170445799, -15.783124021126813 ] ] ] } },
{ "type": "Feature", "properties": { "id_celula": 6378 }, "geometry": { "type": "Polygon", "coordinates": [ [ [ -47.998935749002932, -15.778609949992735 ], [ -47.994274008475699, -15.778674207377117 ], [ -47.994207711328016, -15.774160114789813 ], [ -47.998869349015195, -15.774095876716226 ], [ -47.998935749002932, -15.778609949992735 ] ] ] } },
{ "type": "Feature", "properties": { "id_celula": 6442 }, "geometry": { "type": "Polygon", "coordinates": [ [ [ -47.997818467636655, -16.017918035683046 ], [ -47.99315120744405, -16.017983216514658 ], [ -47.99308387644993, -16.013469218895491 ], [ -47.997751032035602, -16.013404057388644 ], [ -47.997818467636655, -16.017918035683046 ] ] ] } },
{ "type": "Feature", "properties": { "id_celula": 6443 }, "geometry": { "type": "Polygon", "coordinates": [ [ [ -47.997751032035602, -16.013404057388644 ], [ -47.99308387644993, -16.013469218895491 ], [ -47.993016566961359, -16.008955219105854 ], [ -47.997683617973486, -16.008890076922917 ], [ -47.997751032035602, -16.013404057388644 ] ] ] } },
{ "type": "Feature", "properties": { "id_celula": 6444 }, "geometry": { "type": "Polygon", "coordinates": [ [ [ -47.997683617973486, -16.008890076922917 ], [ -47.993016566961359, -16.008955219105854 ], [ -47.992949278976084, -16.004441217146287 ], [ -47.997616225448049, -16.004376094286442 ], [ -47.997683617973486, -16.008890076922917 ] ] ] } },
{ "type": "Feature", "properties": { "id_celula": 6445 }, "geometry": { "type": "Polygon", "coordinates": [ [ [ -47.997616225448049, -16.004376094286442 ], [ -47.992949278976084, -16.004441217146287 ], [ -47.992882012491833, -15.999927213017386 ], [ -47.997548854457015, -15.999862109479785 ], [ -47.997616225448049, -16.004376094286442 ] ] ] } },
{ "type": "Feature", "properties": { "id_celula": 6446 }, "geometry": { "type": "Polygon", "coordinates": [ [ [ -47.997548854457015, -15.999862109479785 ], [ -47.992882012491833, -15.999927213017386 ], [ -47.992814767506331, -15.995413206719711 ], [ -47.997481504998106, -15.995348122503525 ], [ -47.997548854457015, -15.999862109479785 ] ] ] } },
{ "type": "Feature", "properties": { "id_celula": 6447 }, "geometry": { "type": "Polygon", "coordinates": [ [ [ -47.997481504998106, -15.995348122503525 ], [ -47.992814767506331, -15.995413206719711 ], [ -47.992747544017327, -15.99089919825383 ], [ -47.997414177069061, -15.990834133358229 ], [ -47.997481504998106, -15.995348122503525 ] ] ] } },
{ "type": "Feature", "properties": { "id_celula": 6473 }, "geometry": { "type": "Polygon", "coordinates": [ [ [ -47.995737969428198, -15.877983701458543 ], [ -47.991073936541788, -15.878048283609907 ], [ -47.991007271169046, -15.873534218971066 ], [ -47.995671200481858, -15.873469656118697 ], [ -47.995737969428198, -15.877983701458543 ] ] ] } },
{ "type": "Feature", "properties": { "id_celula": 6482 }, "geometry": { "type": "Polygon", "coordinates": [ [ [ -47.995137821603521, -15.837357215917754 ], [ -47.990474719681757, -15.83742162440792 ], [ -47.990408247149091, -15.832907540414547 ], [ -47.99507124579663, -15.832843151215945 ], [ -47.995137821603521, -15.837357215917754 ] ] ] } },
{ "type": "Feature", "properties": { "id_celula": 6484 }, "geometry": { "type": "Polygon", "coordinates": [ [ [ -47.995004691438474, -15.828329084365659 ], [ -47.990341796031906, -15.828393454273522 ], [ -47.990275366327978, -15.823879365985425 ], [ -47.994938158526814, -15.823815015367478 ], [ -47.995004691438474, -15.828329084365659 ] ] ] } },
{ "type": "Feature", "properties": { "id_celula": 6485 }, "geometry": { "type": "Polygon", "coordinates": [ [ [ -47.994938158526814, -15.823815015367478 ], [ -47.990275366327978, -15.823879365985425 ], [ -47.990208958035069, -15.819365275550831 ], [ -47.994871647059412, -15.819300944221975 ], [ -47.994938158526814, -15.823815015367478 ] ] ] } },
{ "type": "Feature", "properties": { "id_celula": 6486 }, "geometry": { "type": "Polygon", "coordinates": [ [ [ -47.994871647059412, -15.819300944221975 ], [ -47.990208958035069, -15.819365275550831 ], [ -47.990142571150948, -15.814851182970296 ], [ -47.99480515703403, -15.814786870929712 ], [ -47.994871647059412, -15.819300944221975 ] ] ] } },
{ "type": "Feature", "properties": { "id_celula": 6488 }, "geometry": { "type": "Polygon", "coordinates": [ [ [ -47.994738688448436, -15.810272795491271 ], [ -47.990076205673368, -15.810337088244406 ], [ -47.990009861600122, -15.805822991373734 ], [ -47.9946722413004, -15.805758717907217 ], [ -47.994738688448436, -15.810272795491271 ] ] ] } },
{ "type": "Feature", "properties": { "id_celula": 6493 }, "geometry": { "type": "Polygon", "coordinates": [ [ [ -47.994406667039087, -15.787702386126339 ], [ -47.989744699305746, -15.787766582454584 ], [ -47.989678462220667, -15.783252474868544 ], [ -47.994340327045315, -15.78318829782282 ], [ -47.994406667039087, -15.787702386126339 ] ] ] } },
{ "type": "Feature", "properties": { "id_celula": 6494 }, "geometry": { "type": "Polygon", "coordinates": [ [ [ -47.994340327045315, -15.78318829782282 ], [ -47.989678462220667, -15.783252474868544 ], [ -47.989612246526541, -15.778738365141152 ], [ -47.994274008475699, -15.778674207377117 ], [ -47.994340327045315, -15.78318829782282 ] ] ] } },
{ "type": "Feature", "properties": { "id_celula": 6495 }, "geometry": { "type": "Polygon", "coordinates": [ [ [ -47.994274008475699, -15.778674207377117 ], [ -47.989612246526541, -15.778738365141152 ], [ -47.989546052221137, -15.774224253272969 ], [ -47.994207711328016, -15.774160114789813 ], [ -47.994274008475699, -15.778674207377117 ] ] ] } },
{ "type": "Feature", "properties": { "id_celula": 6556 }, "geometry": { "type": "Polygon", "coordinates": [ [ [ -47.993353329482467, -16.03152519634353 ], [ -47.988685733754082, -16.031590333854055 ], [ -47.988618442939043, -16.027076323452505 ], [ -47.993285933958056, -16.027011205239244 ], [ -47.993353329482467, -16.03152519634353 ] ] ] } },
{ "type": "Feature", "properties": { "id_celula": 6558 }, "geometry": { "type": "Polygon", "coordinates": [ [ [ -47.993218559946001, -16.022497211962765 ], [ -47.988551173602978, -16.022562310879596 ], [ -47.988483925743616, -16.018048296135891 ], [ -47.99315120744405, -16.017983216514658 ], [ -47.993218559946001, -16.022497211962765 ] ] ] } },
{ "type": "Feature", "properties": { "id_celula": 6559 }, "geometry": { "type": "Polygon", "coordinates": [ [ [ -47.99315120744405, -16.017983216514658 ], [ -47.988483925743616, -16.018048296135891 ], [ -47.988416699358687, -16.013534279221968 ], [ -47.99308387644993, -16.013469218895491 ], [ -47.99315120744405, -16.017983216514658 ] ] ] } },
{ "type": "Feature", "properties": { "id_celula": 6560 }, "geometry": { "type": "Polygon", "coordinates": [ [ [ -47.99308387644993, -16.013469218895491 ], [ -47.988416699358687, -16.013534279221968 ], [ -47.988349494445941, -16.009020260138396 ], [ -47.993016566961359, -16.008955219105854 ], [ -47.99308387644993, -16.013469218895491 ] ] ] } },
{ "type": "Feature", "properties": { "id_celula": 6561 }, "geometry": { "type": "Polygon", "coordinates": [ [ [ -47.993016566961359, -16.008955219105854 ], [ -47.988349494445941, -16.009020260138396 ], [ -47.988282311003097, -16.004506238885746 ], [ -47.992949278976084, -16.004441217146287 ], [ -47.993016566961359, -16.008955219105854 ] ] ] } },
{ "type": "Feature", "properties": { "id_celula": 6562 }, "geometry": { "type": "Polygon", "coordinates": [ [ [ -47.992949278976084, -16.004441217146287 ], [ -47.988282311003097, -16.004506238885746 ], [ -47.988215149027894, -15.999992215464584 ], [ -47.992882012491833, -15.999927213017386 ], [ -47.992949278976084, -16.004441217146287 ] ] ] } },
{ "type": "Feature", "properties": { "id_celula": 6563 }, "geometry": { "type": "Polygon", "coordinates": [ [ [ -47.992882012491833, -15.999927213017386 ], [ -47.988215149027894, -15.999992215464584 ], [ -47.988148008518067, -15.995478189875485 ], [ -47.992814767506331, -15.995413206719711 ], [ -47.992882012491833, -15.999927213017386 ] ] ] } },
{ "type": "Feature", "properties": { "id_celula": 6564 }, "geometry": { "type": "Polygon", "coordinates": [ [ [ -47.992814767506331, -15.995413206719711 ], [ -47.988148008518067, -15.995478189875485 ], [ -47.98808088947137, -15.99096416211901 ], [ -47.992747544017327, -15.99089919825383 ], [ -47.992814767506331, -15.995413206719711 ] ] ] } },
{ "type": "Feature", "properties": { "id_celula": 6590 }, "geometry": { "type": "Polygon", "coordinates": [ [ [ -47.991073936541788, -15.878048283609907 ], [ -47.986409882217508, -15.878112765480129 ], [ -47.986343320420602, -15.873598681572254 ], [ -47.991007271169046, -15.873534218971066 ], [ -47.991073936541788, -15.878048283609907 ] ] ] } },
{ "type": "Feature", "properties": { "id_celula": 6598 }, "geometry": { "type": "Polygon", "coordinates": [ [ [ -47.990541213632149, -15.841935706253079 ], [ -47.985877986982963, -15.842000033994101 ], [ -47.98581159634228, -15.837485932886494 ], [ -47.990474719681757, -15.83742162440792 ], [ -47.990541213632149, -15.841935706253079 ] ] ] } },
{ "type": "Feature", "properties": { "id_celula": 6599 }, "geometry": { "type": "Polygon", "coordinates": [ [ [ -47.990474719681757, -15.83742162440792 ], [ -47.98581159634228, -15.837485932886494 ], [ -47.98574522708607, -15.832971829631505 ], [ -47.990408247149091, -15.832907540414547 ], [ -47.990474719681757, -15.83742162440792 ] ] ] } },
{ "type": "Feature", "properties": { "id_celula": 6600 }, "geometry": { "type": "Polygon", "coordinates": [ [ [ -47.990408247149091, -15.832907540414547 ], [ -47.98574522708607, -15.832971829631505 ], [ -47.985678879212095, -15.828457724229686 ], [ -47.990341796031906, -15.828393454273522 ], [ -47.990408247149091, -15.832907540414547 ] ] ] } },
{ "type": "Feature", "properties": { "id_celula": 6601 }, "geometry": { "type": "Polygon", "coordinates": [ [ [ -47.990341796031906, -15.828393454273522 ], [ -47.985678879212095, -15.828457724229686 ], [ -47.985612552718131, -15.823943616681611 ], [ -47.990275366327978, -15.823879365985425 ], [ -47.990341796031906, -15.828393454273522 ] ] ] } },
{ "type": "Feature", "properties": { "id_celula": 6602 }, "geometry": { "type": "Polygon", "coordinates": [ [ [ -47.990275366327978, -15.823879365985425 ], [ -47.985612552718131, -15.823943616681611 ], [ -47.985546247601938, -15.819429506987861 ], [ -47.990208958035069, -15.819365275550831 ], [ -47.990275366327978, -15.823879365985425 ] ] ] } },
{ "type": "Feature", "properties": { "id_celula": 6603 }, "geometry": { "type": "Polygon", "coordinates": [ [ [ -47.990208958035069, -15.819365275550831 ], [ -47.985546247601938, -15.819429506987861 ], [ -47.985479963861302, -15.814915395149001 ], [ -47.990142571150948, -15.814851182970296 ], [ -47.990208958035069, -15.819365275550831 ] ] ] } },
{ "type": "Feature", "properties": { "id_celula": 6604 }, "geometry": { "type": "Polygon", "coordinates": [ [ [ -47.990142571150948, -15.814851182970296 ], [ -47.985479963861302, -15.814915395149001 ], [ -47.985413701493975, -15.8104012811656 ], [ -47.990076205673368, -15.810337088244406 ], [ -47.990142571150948, -15.814851182970296 ] ] ] } },
{ "type": "Feature", "properties": { "id_celula": 6605 }, "geometry": { "type": "Polygon", "coordinates": [ [ [ -47.990076205673368, -15.810337088244406 ], [ -47.985413701493975, -15.8104012811656 ], [ -47.985347460497749, -15.805887165038239 ], [ -47.990009861600122, -15.805822991373734 ], [ -47.990076205673368, -15.810337088244406 ] ] ] } },
{ "type": "Feature", "properties": { "id_celula": 6609 }, "geometry": { "type": "Polygon", "coordinates": [ [ [ -47.989810957784002, -15.792280687898693 ], [ -47.985148865713349, -15.792344803798059 ], [ -47.985082710179221, -15.787830679100539 ], [ -47.989744699305746, -15.787766582454584 ], [ -47.989810957784002, -15.792280687898693 ] ] ] } },
{ "type": "Feature", "properties": { "id_celula": 6610 }, "geometry": { "type": "Polygon", "coordinates": [ [ [ -47.989744699305746, -15.787766582454584 ], [ -47.985082710179221, -15.787830679100539 ], [ -47.985016576005066, -15.783316552261919 ], [ -47.989678462220667, -15.783252474868544 ], [ -47.989744699305746, -15.787766582454584 ] ] ] } },
{ "type": "Feature", "properties": { "id_celula": 6611 }, "geometry": { "type": "Polygon", "coordinates": [ [ [ -47.989678462220667, -15.783252474868544 ], [ -47.985016576005066, -15.783316552261919 ], [ -47.984950463188646, -15.778802423282755 ], [ -47.989612246526541, -15.778738365141152 ], [ -47.989678462220667, -15.783252474868544 ] ] ] } },
{ "type": "Feature", "properties": { "id_celula": 6612 }, "geometry": { "type": "Polygon", "coordinates": [ [ [ -47.989612246526541, -15.778738365141152 ], [ -47.984950463188646, -15.778802423282755 ], [ -47.984884371727752, -15.774288292163627 ], [ -47.989546052221137, -15.774224253272969 ], [ -47.989612246526541, -15.778738365141152 ] ] ] } },
{ "type": "Feature", "properties": { "id_celula": 6669 }, "geometry": { "type": "Polygon", "coordinates": [ [ [ -47.988955111849315, -16.049646353735252 ], [ -47.984287075459044, -16.049711467020725 ], [ -47.984219803550708, -16.045197446039712 ], [ -47.988887735095709, -16.04513235202484 ], [ -47.988955111849315, -16.049646353735252 ] ] ] } },
{ "type": "Feature", "properties": { "id_celula": 6673 }, "geometry": { "type": "Polygon", "coordinates": [ [ [ -47.988685733754082, -16.031590333854055 ], [ -47.984018116544455, -16.031655370062118 ], [ -47.983950930441061, -16.027141340393303 ], [ -47.988618442939043, -16.027076323452505 ], [ -47.988685733754082, -16.031590333854055 ] ] ] } },
{ "type": "Feature", "properties": { "id_celula": 6674 }, "geometry": { "type": "Polygon", "coordinates": [ [ [ -47.988618442939043, -16.027076323452505 ], [ -47.983950930441061, -16.027141340393303 ], [ -47.983883765783254, -16.022627308553961 ], [ -47.988551173602978, -16.022562310879596 ], [ -47.988618442939043, -16.027076323452505 ] ] ] } },
{ "type": "Feature", "properties": { "id_celula": 6676 }, "geometry": { "type": "Polygon", "coordinates": [ [ [ -47.988483925743616, -16.018048296135891 ], [ -47.983816622568746, -16.01811327454466 ], [ -47.983749500795291, -16.013599238365973 ], [ -47.988416699358687, -16.013534279221968 ], [ -47.988483925743616, -16.018048296135891 ] ] ] } },
{ "type": "Feature", "properties": { "id_celula": 6677 }, "geometry": { "type": "Polygon", "coordinates": [ [ [ -47.988416699358687, -16.013534279221968 ], [ -47.983749500795291, -16.013599238365973 ], [ -47.983682400460616, -16.009085200018475 ], [ -47.988349494445941, -16.009020260138396 ], [ -47.988416699358687, -16.013534279221968 ] ] ] } },
{ "type": "Feature", "properties": { "id_celula": 6678 }, "geometry": { "type": "Polygon", "coordinates": [ [ [ -47.988349494445941, -16.009020260138396 ], [ -47.983682400460616, -16.009085200018475 ], [ -47.983615321562461, -16.004571159502714 ], [ -47.988282311003097, -16.004506238885746 ], [ -47.988349494445941, -16.009020260138396 ] ] ] } },
{ "type": "Feature", "properties": { "id_celula": 6704 }, "geometry": { "type": "Polygon", "coordinates": [ [ [ -47.986609696044759, -15.891655004286264 ], [ -47.981945309381935, -15.891719443595468 ], [ -47.981878787042454, -15.887205346905356 ], [ -47.986543070027345, -15.887140926837708 ], [ -47.986609696044759, -15.891655004286264 ] ] ] } },
{ "type": "Feature", "properties": { "id_celula": 6714 }, "geometry": { "type": "Polygon", "coordinates": [ [ [ -47.98594439901035, -15.846514132953732 ], [ -47.981281047629274, -15.846578379884475 ], [ -47.981214738947074, -15.842064261691521 ], [ -47.985877986982963, -15.842000033994101 ], [ -47.98594439901035, -15.846514132953732 ] ] ] } },
{ "type": "Feature", "properties": { "id_celula": 6715 }, "geometry": { "type": "Polygon", "coordinates": [ [ [ -47.985877986982963, -15.842000033994101 ], [ -47.981214738947074, -15.842064261691521 ], [ -47.981148451618331, -15.837550141351425 ], [ -47.98581159634228, -15.837485932886494 ], [ -47.985877986982963, -15.842000033994101 ] ] ] } },
{ "type": "Feature", "properties": { "id_celula": 6716 }, "geometry": { "type": "Polygon", "coordinates": [ [ [ -47.98581159634228, -15.837485932886494 ], [ -47.981148451618331, -15.837550141351425 ], [ -47.981082185640808, -15.833036018864753 ], [ -47.98574522708607, -15.832971829631505 ], [ -47.98581159634228, -15.837485932886494 ] ] ] } },
{ "type": "Feature", "properties": { "id_celula": 6717 }, "geometry": { "type": "Polygon", "coordinates": [ [ [ -47.98574522708607, -15.832971829631505 ], [ -47.981082185640808, -15.833036018864753 ], [ -47.981015941012274, -15.828521894232082 ], [ -47.985678879212095, -15.828457724229686 ], [ -47.98574522708607, -15.832971829631505 ] ] ] } },
{ "type": "Feature", "properties": { "id_celula": 6718 }, "geometry": { "type": "Polygon", "coordinates": [ [ [ -47.985678879212095, -15.828457724229686 ], [ -47.981015941012274, -15.828521894232082 ], [ -47.980949717730503, -15.824007767453974 ], [ -47.985612552718131, -15.823943616681611 ], [ -47.985678879212095, -15.828457724229686 ] ] ] } },
{ "type": "Feature", "properties": { "id_celula": 6719 }, "geometry": { "type": "Polygon", "coordinates": [ [ [ -47.985612552718131, -15.823943616681611 ], [ -47.980949717730503, -15.824007767453974 ], [ -47.980883515793259, -15.819493638531013 ], [ -47.985546247601938, -15.819429506987861 ], [ -47.985612552718131, -15.823943616681611 ] ] ] } },
{ "type": "Feature", "properties": { "id_celula": 6721 }, "geometry": { "type": "Polygon", "coordinates": [ [ [ -47.985479963861302, -15.814915395149001 ], [ -47.980817335198338, -15.814979507463761 ], [ -47.980751175943496, -15.810465374252788 ], [ -47.985413701493975, -15.8104012811656 ], [ -47.985479963861302, -15.814915395149001 ] ] ] } },
{ "type": "Feature", "properties": { "id_celula": 6725 }, "geometry": { "type": "Polygon", "coordinates": [ [ [ -47.98521504260966, -15.796858926353892 ], [ -47.98055282619724, -15.796922961763284 ], [ -47.980486752280505, -15.792408819983155 ], [ -47.985148865713349, -15.792344803798059 ], [ -47.98521504260966, -15.796858926353892 ] ] ] } },
{ "type": "Feature", "properties": { "id_celula": 6811 }, "geometry": { "type": "Polygon", "coordinates": [ [ [ -47.982611708937945, -15.936860291964194 ], [ -47.977946262263579, -15.936924823059545 ], [ -47.977879630056236, -15.93241072870949 ], [ -47.982544972717328, -15.932346216833981 ], [ -47.982611708937945, -15.936860291964194 ] ] ] } },
{ "type": "Feature", "properties": { "id_celula": 6822 }, "geometry": { "type": "Polygon", "coordinates": [ [ [ -47.981878787042454, -15.887205346905356 ], [ -47.977214482681781, -15.887269666627814 ], [ -47.977148085364973, -15.882755548574076 ], [ -47.981812286078764, -15.882691248062393 ], [ -47.981878787042454, -15.887205346905356 ] ] ] } },
{ "type": "Feature", "properties": { "id_celula": 6824 }, "geometry": { "type": "Polygon", "coordinates": [ [ [ -47.981745806488632, -15.878177147067142 ], [ -47.977081709388429, -15.878241428368884 ], [ -47.977015354749923, -15.873727306012803 ], [ -47.9816793482698, -15.873663043920189 ], [ -47.981745806488632, -15.878177147067142 ] ] ] } },
{ "type": "Feature", "properties": { "id_celula": 6827 }, "geometry": { "type": "Polygon", "coordinates": [ [ [ -47.981546495937145, -15.864634831173422 ], [ -47.976882709478062, -15.864699054850254 ], [ -47.976816418840244, -15.860184926044932 ], [ -47.981480101818846, -15.860120721574759 ], [ -47.981546495937145, -15.864634831173422 ] ] ] } },
{ "type": "Feature", "properties": { "id_celula": 6828 }, "geometry": { "type": "Polygon", "coordinates": [ [ [ -47.981480101818846, -15.860120721574759 ], [ -47.976816418840244, -15.860184926044932 ], [ -47.97675014953154, -15.855670795091003 ], [ -47.981413729062929, -15.855606609826662 ], [ -47.981480101818846, -15.860120721574759 ] ] ] } },
{ "type": "Feature", "properties": { "id_celula": 6830 }, "geometry": { "type": "Polygon", "coordinates": [ [ [ -47.981347377667142, -15.851092495929711 ], [ -47.976683901549698, -15.851156661989036 ], [ -47.976617674892509, -15.846642526739608 ], [ -47.981281047629274, -15.846578379884475 ], [ -47.981347377667142, -15.851092495929711 ] ] ] } },
{ "type": "Feature", "properties": { "id_celula": 6831 }, "geometry": { "type": "Polygon", "coordinates": [ [ [ -47.981281047629274, -15.846578379884475 ], [ -47.976617674892509, -15.846642526739608 ], [ -47.976551469557741, -15.842128389343282 ], [ -47.981214738947074, -15.842064261691521 ], [ -47.981281047629274, -15.846578379884475 ] ] ] } },
{ "type": "Feature", "properties": { "id_celula": 6832 }, "geometry": { "type": "Polygon", "coordinates": [ [ [ -47.981214738947074, -15.842064261691521 ], [ -47.976551469557741, -15.842128389343282 ], [ -47.976485285543163, -15.837614249800634 ], [ -47.981148451618331, -15.837550141351425 ], [ -47.981214738947074, -15.842064261691521 ] ] ] } },
{ "type": "Feature", "properties": { "id_celula": 6833 }, "geometry": { "type": "Polygon", "coordinates": [ [ [ -47.981148451618331, -15.837550141351425 ], [ -47.976485285543163, -15.837614249800634 ], [ -47.976419122846551, -15.833100108112236 ], [ -47.981082185640808, -15.833036018864753 ], [ -47.981148451618331, -15.837550141351425 ] ] ] } },
{ "type": "Feature", "properties": { "id_celula": 6834 }, "geometry": { "type": "Polygon", "coordinates": [ [ [ -47.981082185640808, -15.833036018864753 ], [ -47.976419122846551, -15.833100108112236 ], [ -47.976352981465688, -15.828585964278648 ], [ -47.981015941012274, -15.828521894232082 ], [ -47.981082185640808, -15.833036018864753 ] ] ] } },
{ "type": "Feature", "properties": { "id_celula": 6835 }, "geometry": { "type": "Polygon", "coordinates": [ [ [ -47.981015941012274, -15.828521894232082 ], [ -47.976352981465688, -15.828585964278648 ], [ -47.976286861398336, -15.824071818300451 ], [ -47.980949717730503, -15.824007767453974 ], [ -47.981015941012274, -15.828521894232082 ] ] ] } },
{ "type": "Feature", "properties": { "id_celula": 6836 }, "geometry": { "type": "Polygon", "coordinates": [ [ [ -47.980949717730503, -15.824007767453974 ], [ -47.976286861398336, -15.824071818300451 ], [ -47.976220762642278, -15.81955767017822 ], [ -47.980883515793259, -15.819493638531013 ], [ -47.980949717730503, -15.824007767453974 ] ] ] } },
{ "type": "Feature", "properties": { "id_celula": 6837 }, "geometry": { "type": "Polygon", "coordinates": [ [ [ -47.980883515793259, -15.819493638531013 ], [ -47.976220762642278, -15.81955767017822 ], [ -47.97615468519529, -15.815043519912511 ], [ -47.980817335198338, -15.814979507463761 ], [ -47.980883515793259, -15.819493638531013 ] ] ] } },
{ "type": "Feature", "properties": { "id_celula": 6838 }, "geometry": { "type": "Polygon", "coordinates": [ [ [ -47.980817335198338, -15.814979507463761 ], [ -47.97615468519529, -15.815043519912511 ], [ -47.976088629055148, -15.810529367503909 ], [ -47.980751175943496, -15.810465374252788 ], [ -47.980817335198338, -15.814979507463761 ] ] ] } },
{ "type": "Feature", "properties": { "id_celula": 6844 }, "geometry": { "type": "Polygon", "coordinates": [ [ [ -47.980420699692736, -15.787894676062161 ], [ -47.975758667879496, -15.787958573337397 ], [ -47.975692739533848, -15.783444408083392 ], [ -47.980354668431723, -15.783380530000883 ], [ -47.980420699692736, -15.787894676062161 ] ] ] } },
{ "type": "Feature", "properties": { "id_celula": 6845 }, "geometry": { "type": "Polygon", "coordinates": [ [ [ -47.980354668431723, -15.783380530000883 ], [ -47.975692739533848, -15.783444408083392 ], [ -47.975626832479513, -15.778930240690483 ], [ -47.98028865849524, -15.778866381799887 ], [ -47.980354668431723, -15.783380530000883 ] ] ] } },
{ "type": "Feature", "properties": { "id_celula": 6944 }, "geometry": { "type": "Polygon", "coordinates": [ [ [ -47.976882709478062, -15.864699054850254 ], [ -47.97221890168764, -15.864763178329609 ], [ -47.972152714532534, -15.860249030347582 ], [ -47.976816418840244, -15.860184926044932 ], [ -47.976882709478062, -15.864699054850254 ] ] ] } },
{ "type": "Feature", "properties": { "id_celula": 6945 }, "geometry": { "type": "Polygon", "coordinates": [ [ [ -47.976816418840244, -15.860184926044932 ], [ -47.972152714532534, -15.860249030347582 ], [ -47.972086548673268, -15.855734880217771 ], [ -47.97675014953154, -15.855670795091003 ], [ -47.976816418840244, -15.860184926044932 ] ] ] } },
{ "type": "Feature", "properties": { "id_celula": 6946 }, "geometry": { "type": "Polygon", "coordinates": [ [ [ -47.97675014953154, -15.855670795091003 ], [ -47.972086548673268, -15.855734880217771 ], [ -47.972020404107603, -15.85122072794074 ], [ -47.976683901549698, -15.851156661989036 ], [ -47.97675014953154, -15.855670795091003 ] ] ] } },
{ "type": "Feature", "properties": { "id_celula": 6947 }, "geometry": { "type": "Polygon", "coordinates": [ [ [ -47.976683901549698, -15.851156661989036 ], [ -47.972020404107603, -15.85122072794074 ], [ -47.97195428083333, -15.846706573517066 ], [ -47.976617674892509, -15.846642526739608 ], [ -47.976683901549698, -15.851156661989036 ] ] ] } },
{ "type": "Feature", "properties": { "id_celula": 6948 }, "geometry": { "type": "Polygon", "coordinates": [ [ [ -47.976617674892509, -15.846642526739608 ], [ -47.97195428083333, -15.846706573517066 ], [ -47.971888178848218, -15.84219241694732 ], [ -47.976551469557741, -15.842128389343282 ], [ -47.976617674892509, -15.846642526739608 ] ] ] } },
{ "type": "Feature", "properties": { "id_celula": 6949 }, "geometry": { "type": "Polygon", "coordinates": [ [ [ -47.976551469557741, -15.842128389343282 ], [ -47.971888178848218, -15.84219241694732 ], [ -47.971822098150028, -15.837678258232064 ], [ -47.976485285543163, -15.837614249800634 ], [ -47.976551469557741, -15.842128389343282 ] ] ] } },
{ "type": "Feature", "properties": { "id_celula": 6953 }, "geometry": { "type": "Polygon", "coordinates": [ [ [ -47.976286861398336, -15.824071818300451 ], [ -47.971623983754874, -15.824135769218985 ], [ -47.971557988182219, -15.819621601927418 ], [ -47.976220762642278, -15.81955767017822 ], [ -47.976286861398336, -15.824071818300451 ] ] ] } },
{ "type": "Feature", "properties": { "id_celula": 6954 }, "geometry": { "type": "Polygon", "coordinates": [ [ [ -47.976220762642278, -15.81955767017822 ], [ -47.971557988182219, -15.819621601927418 ], [ -47.971492013885388, -15.815107432493205 ], [ -47.97615468519529, -15.815043519912511 ], [ -47.976220762642278, -15.81955767017822 ] ] ] } },
{ "type": "Feature", "properties": { "id_celula": 6955 }, "geometry": { "type": "Polygon", "coordinates": [ [ [ -47.97615468519529, -15.815043519912511 ], [ -47.971492013885388, -15.815107432493205 ], [ -47.971426060862171, -15.810593260916908 ], [ -47.976088629055148, -15.810529367503909 ], [ -47.97615468519529, -15.815043519912511 ] ] ] } },
{ "type": "Feature", "properties": { "id_celula": 7021 }, "geometry": { "type": "Polygon", "coordinates": [ [ [ -47.974883876130221, -16.04532732988368 ], [ -47.970215880321554, -16.045392119708602 ], [ -47.970148944317039, -16.040878038925506 ], [ -47.974816835307053, -16.040813268280338 ], [ -47.974883876130221, -16.04532732988368 ] ] ] } },
{ "type": "Feature", "properties": { "id_celula": 7059 }, "geometry": { "type": "Polygon", "coordinates": [ [ [ -47.972351339894246, -15.873791467848035 ], [ -47.967687303736049, -15.87385552942381 ], [ -47.967621177534099, -15.869341366590673 ], [ -47.972285110140795, -15.869277324163283 ], [ -47.972351339894246, -15.873791467848035 ] ] ] } },
{ "type": "Feature", "properties": { "id_celula": 7060 }, "geometry": { "type": "Polygon", "coordinates": [ [ [ -47.972285110140795, -15.869277324163283 ], [ -47.967621177534099, -15.869341366590673 ], [ -47.967555072599154, -15.864827201609428 ], [ -47.97221890168764, -15.864763178329609 ], [ -47.972285110140795, -15.869277324163283 ] ] ] } },
{ "type": "Feature", "properties": { "id_celula": 7062 }, "geometry": { "type": "Polygon", "coordinates": [ [ [ -47.972152714532534, -15.860249030347582 ], [ -47.967488988928991, -15.860313034480654 ], [ -47.967422926521394, -15.855798865204907 ], [ -47.972086548673268, -15.855734880217771 ], [ -47.972152714532534, -15.860249030347582 ] ] ] } },
{ "type": "Feature", "properties": { "id_celula": 7064 }, "geometry": { "type": "Polygon", "coordinates": [ [ [ -47.972020404107603, -15.85122072794074 ], [ -47.96735688537413, -15.851284693782768 ], [ -47.967290865484991, -15.846770520214802 ], [ -47.97195428083333, -15.846706573517066 ], [ -47.972020404107603, -15.85122072794074 ] ] ] } },
{ "type": "Feature", "properties": { "id_celula": 7065 }, "geometry": { "type": "Polygon", "coordinates": [ [ [ -47.97195428083333, -15.846706573517066 ], [ -47.967290865484991, -15.846770520214802 ], [ -47.967224866851751, -15.842256344501573 ], [ -47.971888178848218, -15.84219241694732 ], [ -47.97195428083333, -15.846706573517066 ] ] ] } },
{ "type": "Feature", "properties": { "id_celula": 7066 }, "geometry": { "type": "Polygon", "coordinates": [ [ [ -47.971888178848218, -15.84219241694732 ], [ -47.967224866851751, -15.842256344501573 ], [ -47.967158889472181, -15.837742166643665 ], [ -47.971822098150028, -15.837678258232064 ], [ -47.971888178848218, -15.84219241694732 ] ] ] } },
{ "type": "Feature", "properties": { "id_celula": 7161 }, "geometry": { "type": "Polygon", "coordinates": [ [ [ -47.968681750321331, -15.941567713760659 ], [ -47.964016135592239, -15.941631961949849 ], [ -47.963949794171029, -15.937117812275929 ], [ -47.968615304846793, -15.937053583217484 ], [ -47.968681750321331, -15.941567713760659 ] ] ] } },
{ "type": "Feature", "properties": { "id_celula": 7171 }, "geometry": { "type": "Polygon", "coordinates": [ [ [ -47.968018253828859, -15.896426311347952 ], [ -47.963353678133529, -15.896490368266683 ], [ -47.963287549283308, -15.891976197060091 ], [ -47.967952021258469, -15.891912159263894 ], [ -47.968018253828859, -15.896426311347952 ] ] ] } },
{ "type": "Feature", "properties": { "id_celula": 7174 }, "geometry": { "type": "Polygon", "coordinates": [ [ [ -47.967819619949893, -15.882883848643484 ], [ -47.963155355315173, -15.882947848197078 ], [ -47.963089290192812, -15.87843367054179 ], [ -47.967753451207244, -15.878369690108272 ], [ -47.967819619949893, -15.882883848643484 ] ] ] } },
{ "type": "Feature", "properties": { "id_celula": 7176 }, "geometry": { "type": "Polygon", "coordinates": [ [ [ -47.967687303736049, -15.87385552942381 ], [ -47.963023246308623, -15.873919490738082 ], [ -47.962957223660389, -15.869405308786515 ], [ -47.967621177534099, -15.869341366590673 ], [ -47.967687303736049, -15.87385552942381 ] ] ] } },
{ "type": "Feature", "properties": { "id_celula": 7177 }, "geometry": { "type": "Polygon", "coordinates": [ [ [ -47.967621177534099, -15.869341366590673 ], [ -47.962957223660389, -15.869405308786515 ], [ -47.962891222245887, -15.864891124687652 ], [ -47.967555072599154, -15.864827201609428 ], [ -47.967621177534099, -15.869341366590673 ] ] ] } },
{ "type": "Feature", "properties": { "id_celula": 7178 }, "geometry": { "type": "Polygon", "coordinates": [ [ [ -47.967555072599154, -15.864827201609428 ], [ -47.962891222245887, -15.864891124687652 ], [ -47.962825242062891, -15.860376938442084 ], [ -47.967488988928991, -15.860313034480654 ], [ -47.967555072599154, -15.864827201609428 ] ] ] } },
{ "type": "Feature", "properties": { "id_celula": 7180 }, "geometry": { "type": "Polygon", "coordinates": [ [ [ -47.967422926521394, -15.855798865204907 ], [ -47.962759283109179, -15.85586275005036 ], [ -47.962693345382547, -15.851348559513056 ], [ -47.96735688537413, -15.851284693782768 ], [ -47.967422926521394, -15.855798865204907 ] ] ] } },
{ "type": "Feature", "properties": { "id_celula": 7181 }, "geometry": { "type": "Polygon", "coordinates": [ [ [ -47.96735688537413, -15.851284693782768 ], [ -47.962693345382547, -15.851348559513056 ], [ -47.962627428880758, -15.846834366830745 ], [ -47.967290865484991, -15.846770520214802 ], [ -47.96735688537413, -15.851284693782768 ] ] ] } },
{ "type": "Feature", "properties": { "id_celula": 7182 }, "geometry": { "type": "Polygon", "coordinates": [ [ [ -47.967290865484991, -15.846770520214802 ], [ -47.962627428880758, -15.846834366830745 ], [ -47.962561533601608, -15.842320172003998 ], [ -47.967224866851751, -15.842256344501573 ], [ -47.967290865484991, -15.846770520214802 ] ] ] } },
{ "type": "Feature", "properties": { "id_celula": 7261 }, "geometry": { "type": "Polygon", "coordinates": [ [ [ -47.965147195792724, -16.018372176013337 ], [ -47.960479785746543, -16.018436648328496 ], [ -47.960413187064269, -16.01392251627593 ], [ -47.965080492487708, -16.013858063075553 ], [ -47.965147195792724, -16.018372176013337 ] ] ] } },
{ "type": "Feature", "properties": { "id_celula": 7278 }, "geometry": { "type": "Polygon", "coordinates": [ [ [ -47.964016135592239, -15.941631961949849 ], [ -47.959350499593775, -15.941696109425958 ], [ -47.959284262228124, -15.93718194065127 ], [ -47.963949794171029, -15.937117812275929 ], [ -47.964016135592239, -15.941631961949849 ] ] ] } },
{ "type": "Feature", "properties": { "id_celula": 7282 }, "geometry": { "type": "Polygon", "coordinates": [ [ [ -47.963750897501285, -15.923575350321476 ], [ -47.959085677525088, -15.923639421399447 ], [ -47.959019525081281, -15.919125244008137 ], [ -47.963684641135231, -15.919061192027659 ], [ -47.963750897501285, -15.923575350321476 ] ] ] } },
{ "type": "Feature", "properties": { "id_celula": 7286 }, "geometry": { "type": "Polygon", "coordinates": [ [ [ -47.963485999577415, -15.905518704227173 ], [ -47.958821195090316, -15.905582698920119 ], [ -47.958755127532726, -15.901068512921308 ], [ -47.963419828230826, -15.901004537322558 ], [ -47.963485999577415, -15.905518704227173 ] ] ] } },
{ "type": "Feature", "properties": { "id_celula": 7294 }, "geometry": { "type": "Polygon", "coordinates": [ [ [ -47.962957223660389, -15.869405308786515 ], [ -47.958293248552955, -15.869469150748746 ], [ -47.958227350661112, -15.864954947562232 ], [ -47.962891222245887, -15.864891124687652 ], [ -47.962957223660389, -15.869405308786515 ] ] ] } },
{ "type": "Feature", "properties": { "id_celula": 7297 }, "geometry": { "type": "Polygon", "coordinates": [ [ [ -47.962759283109179, -15.85586275005036 ], [ -47.958095618469891, -15.855926534752069 ], [ -47.958029784166101, -15.851412325129557 ], [ -47.962693345382547, -15.851348559513056 ], [ -47.962759283109179, -15.85586275005036 ] ] ] } },
{ "type": "Feature", "properties": { "id_celula": 7298 }, "geometry": { "type": "Polygon", "coordinates": [ [ [ -47.962693345382547, -15.851348559513056 ], [ -47.958029784166101, -15.851412325129557 ], [ -47.957963971053893, -15.846898113362858 ], [ -47.962627428880758, -15.846834366830745 ], [ -47.962693345382547, -15.851348559513056 ] ] ] } },
{ "type": "Feature", "properties": { "id_celula": 7328 }, "geometry": { "type": "Polygon", "coordinates": [ [ [ -47.960725073199519, -15.715921848527238 ], [ -47.956064599214891, -15.715985041965773 ], [ -47.955999420824575, -15.711470766138262 ], [ -47.960659792416031, -15.711407591759771 ], [ -47.960725073199519, -15.715921848527238 ] ] ] } },
{ "type": "Feature", "properties": { "id_celula": 7404 }, "geometry": { "type": "Polygon", "coordinates": [ [ [ -47.958755127532726, -15.901068512921308 ], [ -47.954090405618636, -15.901132388074656 ], [ -47.954024463034955, -15.896618180861964 ], [ -47.958689081191125, -15.896554324772037 ], [ -47.958755127532726, -15.901068512921308 ] ] ] } },
{ "type": "Feature", "properties": { "id_celula": 7413 }, "geometry": { "type": "Polygon", "coordinates": [ [ [ -47.958161473967493, -15.860440742229818 ], [ -47.953497684676087, -15.86050444584181 ], [ -47.953431932636818, -15.855990219307991 ], [ -47.958095618469891, -15.855926534752069 ], [ -47.958161473967493, -15.860440742229818 ] ] ] } },
{ "type": "Feature", "properties": { "id_celula": 7414 }, "geometry": { "type": "Polygon", "coordinates": [ [ [ -47.958095618469891, -15.855926534752069 ], [ -47.953431932636818, -15.855990219307991 ], [ -47.953366201758072, -15.851475990630229 ], [ -47.958029784166101, -15.851412325129557 ], [ -47.958095618469891, -15.855926534752069 ] ] ] } },
{ "type": "Feature", "properties": { "id_celula": 7430 }, "geometry": { "type": "Polygon", "coordinates": [ [ [ -47.957044811361271, -15.783698923807808 ], [ -47.952382776338929, -15.783762303577291 ], [ -47.952317383728513, -15.779248040673814 ], [ -47.956979315857666, -15.779184679946578 ], [ -47.957044811361271, -15.783698923807808 ] ] ] } },
{ "type": "Feature", "properties": { "id_celula": 7530 }, "geometry": { "type": "Polygon", "coordinates": [ [ [ -47.953497684676087, -15.86050444584181 ], [ -47.948833874221933, -15.860568049276015 ], [ -47.9487682256432, -15.856053803716083 ], [ -47.953431932636818, -15.855990219307991 ], [ -47.953497684676087, -15.86050444584181 ] ] ] } },
{ "type": "Feature", "properties": { "id_celula": 7531 }, "geometry": { "type": "Polygon", "coordinates": [ [ [ -47.953431932636818, -15.855990219307991 ], [ -47.9487682256432, -15.856053803716083 ], [ -47.948702598191723, -15.851539556013018 ], [ -47.953366201758072, -15.851475990630229 ], [ -47.953431932636818, -15.855990219307991 ] ] ] } },
{ "type": "Feature", "properties": { "id_celula": 7532 }, "geometry": { "type": "Polygon", "coordinates": [ [ [ -47.953366201758072, -15.851475990630229 ], [ -47.948702598191723, -15.851539556013018 ], [ -47.9486369918653, -15.84702530616739 ], [ -47.953300492037641, -15.846961759809089 ], [ -47.953366201758072, -15.851475990630229 ] ] ] } },
{ "type": "Feature", "properties": { "id_celula": 7634 }, "geometry": { "type": "Polygon", "coordinates": [ [ [ -47.949689229332016, -15.919253046271237 ], [ -47.945024049703349, -15.919316796549747 ], [ -47.94495823016458, -15.914802559895545 ], [ -47.949623305897653, -15.914738828623788 ], [ -47.949689229332016, -15.919253046271237 ] ] ] } },
{ "type": "Feature", "properties": { "id_celula": 7648 }, "geometry": { "type": "Polygon", "coordinates": [ [ [ -47.9487682256432, -15.856053803716083 ], [ -47.944104497522325, -15.856117287974293 ], [ -47.944038973500327, -15.851603021275878 ], [ -47.948702598191723, -15.851539556013018 ], [ -47.9487682256432, -15.856053803716083 ] ] ] } },
{ "type": "Feature", "properties": { "id_celula": 7649 }, "geometry": { "type": "Polygon", "coordinates": [ [ [ -47.948702598191723, -15.851539556013018 ], [ -47.944038973500327, -15.851603021275878 ], [ -47.9439734705701, -15.847088752435718 ], [ -47.9486369918653, -15.84702530616739 ], [ -47.948702598191723, -15.851539556013018 ] ] ] } },
{ "type": "Feature", "properties": { "id_celula": 7660 }, "geometry": { "type": "Polygon", "coordinates": [ [ [ -47.947982089993729, -15.80188268999528 ], [ -47.943319600831551, -15.801945946362892 ], [ -47.943254329765693, -15.797431654000997 ], [ -47.947916715897392, -15.797368416618998 ], [ -47.947982089993729, -15.80188268999528 ] ] ] } },
{ "type": "Feature", "properties": { "id_celula": 7777 }, "geometry": { "type": "Polygon", "coordinates": [ [ [ -47.943319600831551, -15.801945946362892 ], [ -47.938657090601787, -15.802009102937964 ], [ -47.938591922568598, -15.797494791620393 ], [ -47.943254329765693, -15.797431654000997 ], [ -47.943319600831551, -15.801945946362892 ] ] ] } },
{ "type": "Feature", "properties": { "id_celula": 7779 }, "geometry": { "type": "Polygon", "coordinates": [ [ [ -47.943189079765226, -15.792917359504186 ], [ -47.938526775567567, -15.792980478168715 ], [ -47.938461649596519, -15.788466162583481 ], [ -47.943123850827959, -15.788403062873014 ], [ -47.943189079765226, -15.792917359504186 ] ] ] } },
{ "type": "Feature", "properties": { "id_celula": 7780 }, "geometry": { "type": "Polygon", "coordinates": [ [ [ -47.943123850827959, -15.788403062873014 ], [ -47.938461649596519, -15.788466162583481 ], [ -47.938396544653251, -15.783951844865273 ], [ -47.943058642951698, -15.783888764108053 ], [ -47.943123850827959, -15.788403062873014 ] ] ] } },
{ "type": "Feature", "properties": { "id_celula": 7817 }, "geometry": { "type": "Polygon", "coordinates": [ [ [ -47.940725167608605, -15.621372592270973 ], [ -47.936066752801352, -15.621434991246282 ], [ -47.936002424354676, -15.616920595007993 ], [ -47.940660737455723, -15.616858214956268 ], [ -47.940725167608605, -15.621372592270973 ] ] ] } },
{ "type": "Feature", "properties": { "id_celula": 7892 }, "geometry": { "type": "Polygon", "coordinates": [ [ [ -47.938787489773439, -15.811037719168466 ], [ -47.934124752339898, -15.811100813802867 ], [ -47.934059645337122, -15.806586487827897 ], [ -47.938722279669342, -15.806523412120841 ], [ -47.938787489773439, -15.811037719168466 ] ] ] } },
{ "type": "Feature", "properties": { "id_celula": 7895 }, "geometry": { "type": "Polygon", "coordinates": [ [ [ -47.938591922568598, -15.797494791620393 ], [ -47.933929494339324, -15.797557829475169 ], [ -47.933864450339932, -15.79304349709856 ], [ -47.938526775567567, -15.792980478168715 ], [ -47.938591922568598, -15.797494791620393 ] ] ] } },
{ "type": "Feature", "properties": { "id_celula": 7896 }, "geometry": { "type": "Polygon", "coordinates": [ [ [ -47.938526775567567, -15.792980478168715 ], [ -47.933864450339932, -15.79304349709856 ], [ -47.933799427337284, -15.788529162589207 ], [ -47.938461649596519, -15.788466162583481 ], [ -47.938526775567567, -15.792980478168715 ] ] ] } },
{ "type": "Feature", "properties": { "id_celula": 7897 }, "geometry": { "type": "Polygon", "coordinates": [ [ [ -47.938461649596519, -15.788466162583481 ], [ -47.933799427337284, -15.788529162589207 ], [ -47.933734425329206, -15.784014825947677 ], [ -47.938396544653251, -15.783951844865273 ], [ -47.938461649596519, -15.788466162583481 ] ] ] } },
{ "type": "Feature", "properties": { "id_celula": 7898 }, "geometry": { "type": "Polygon", "coordinates": [ [ [ -47.938396544653251, -15.783951844865273 ], [ -47.933734425329206, -15.784014825947677 ], [ -47.933669444313509, -15.779500487174545 ], [ -47.938331460735597, -15.779437525014652 ], [ -47.938396544653251, -15.783951844865273 ] ] ] } },
{ "type": "Feature", "properties": { "id_celula": 8012 }, "geometry": { "type": "Polygon", "coordinates": [ [ [ -47.933929494339324, -15.797557829475169 ], [ -47.929267045111125, -15.797620767563291 ], [ -47.929202104115539, -15.793106416291691 ], [ -47.933864450339932, -15.79304349709856 ], [ -47.933929494339324, -15.797557829475169 ] ] ] } },
{ "type": "Feature", "properties": { "id_celula": 8013 }, "geometry": { "type": "Polygon", "coordinates": [ [ [ -47.933864450339932, -15.79304349709856 ], [ -47.929202104115539, -15.793106416291691 ], [ -47.929137184083487, -15.788592062888153 ], [ -47.933799427337284, -15.788529162589207 ], [ -47.933864450339932, -15.79304349709856 ] ] ] } },
{ "type": "Feature", "properties": { "id_celula": 8014 }, "geometry": { "type": "Polygon", "coordinates": [ [ [ -47.933799427337284, -15.788529162589207 ], [ -47.929137184083487, -15.788592062888153 ], [ -47.929072285012779, -15.784077707353248 ], [ -47.933734425329206, -15.784014825947677 ], [ -47.933799427337284, -15.788529162589207 ] ] ] } },
{ "type": "Feature", "properties": { "id_celula": 8015 }, "geometry": { "type": "Polygon", "coordinates": [ [ [ -47.933734425329206, -15.784014825947677 ], [ -47.929072285012779, -15.784077707353248 ], [ -47.929007406901228, -15.779563349687539 ], [ -47.933669444313509, -15.779500487174545 ], [ -47.933734425329206, -15.784014825947677 ] ] ] } },
{ "type": "Feature", "properties": { "id_celula": 8128 }, "geometry": { "type": "Polygon", "coordinates": [ [ [ -47.929332007072411, -15.802135116702386 ], [ -47.924669433839263, -15.802197973887687 ], [ -47.924604574917211, -15.797683605882737 ], [ -47.929267045111125, -15.797620767563291 ], [ -47.929332007072411, -15.802135116702386 ] ] ] } },
{ "type": "Feature", "properties": { "id_celula": 8234 }, "geometry": { "type": "Polygon", "coordinates": [ [ [ -47.925384264149606, -15.851855881087364 ], [ -47.920720534332006, -15.851918845720082 ], [ -47.920655548415787, -15.847404482356581 ], [ -47.9253191748262, -15.847341536568615 ], [ -47.925384264149606, -15.851855881087364 ] ] ] } },
{ "type": "Feature", "properties": { "id_celula": 8235 }, "geometry": { "type": "Polygon", "coordinates": [ [ [ -47.9253191748262, -15.847341536568615 ], [ -47.920655548415787, -15.847404482356581 ], [ -47.920590583422808, -15.84289011685593 ], [ -47.925254106459313, -15.842827189911921 ], [ -47.9253191748262, -15.847341536568615 ] ] ] } },
{ "type": "Feature", "properties": { "id_celula": 8291 }, "geometry": { "type": "Polygon", "coordinates": [ [ [ -47.921707555582991, -15.594534847975538 ], [ -47.917049666977427, -15.594596739734934 ], [ -47.916985870221943, -15.590082255460759 ], [ -47.921643657311208, -15.590020382500636 ], [ -47.921707555582991, -15.594534847975538 ] ] ] } },
{ "type": "Feature", "properties": { "id_celula": 8351 }, "geometry": { "type": "Polygon", "coordinates": [ [ [ -47.920720534332006, -15.851918845720082 ], [ -47.916056783588978, -15.851981710220688 ], [ -47.91599190108213, -15.847467328042388 ], [ -47.920655548415787, -15.847404482356581 ], [ -47.920720534332006, -15.851918845720082 ] ] ] } },
{ "type": "Feature", "properties": { "id_celula": 8352 }, "geometry": { "type": "Polygon", "coordinates": [ [ [ -47.920655548415787, -15.847404482356581 ], [ -47.91599190108213, -15.847467328042388 ], [ -47.915927039465252, -15.842952943727742 ], [ -47.920590583422808, -15.84289011685593 ], [ -47.920655548415787, -15.847404482356581 ] ] ] } },
{ "type": "Feature", "properties": { "id_celula": 8358 }, "geometry": { "type": "Polygon", "coordinates": [ [ [ -47.920266072230049, -15.820318257315426 ], [ -47.915603044654077, -15.820380990129321 ], [ -47.915538308331229, -15.815866593008563 ], [ -47.920201232730648, -15.815803879003845 ], [ -47.920266072230049, -15.820318257315426 ] ] ] } },
{ "type": "Feature", "properties": { "id_celula": 8364 }, "geometry": { "type": "Polygon", "coordinates": [ [ [ -47.919877348809429, -15.793231955459738 ], [ -47.915214939794147, -15.793294575430625 ], [ -47.915150328686948, -15.788780165524178 ], [ -47.919812634725098, -15.788717564357652 ], [ -47.919877348809429, -15.793231955459738 ] ] ] } },
{ "type": "Feature", "properties": { "id_celula": 8475 }, "geometry": { "type": "Polygon", "coordinates": [ [ [ -47.915603044654077, -15.820380990129321 ], [ -47.910939996201215, -15.820443623018766 ], [ -47.910875363057094, -15.81592920711878 ], [ -47.915538308331229, -15.815866593008563 ], [ -47.915603044654077, -15.820380990129321 ] ] ] } },
{ "type": "Feature", "properties": { "id_celula": 8483 }, "geometry": { "type": "Polygon", "coordinates": [ [ [ -47.915085738441419, -15.784265753488764 ], [ -47.910423514487675, -15.784328236166823 ], [ -47.910359048014485, -15.779813803230196 ], [ -47.915021169055379, -15.779751339324957 ], [ -47.915085738441419, -15.784265753488764 ] ] ] } },
{ "type": "Feature", "properties": { "id_celula": 8526 }, "geometry": { "type": "Polygon", "coordinates": [ [ [ -47.912328062332698, -15.590144030024211 ], [ -47.907670233676555, -15.590205706189002 ], [ -47.907606660693908, -15.585691182302757 ], [ -47.912264387862557, -15.585629524876682 ], [ -47.912328062332698, -15.590144030024211 ] ] ] } },
{ "type": "Feature", "properties": { "id_celula": 8590 }, "geometry": { "type": "Polygon", "coordinates": [ [ [ -47.911069325022552, -15.829472448421761 ], [ -47.906406049264483, -15.829535018885682 ], [ -47.906341477678325, -15.825020588499662 ], [ -47.911004650188978, -15.824958036786608 ], [ -47.911069325022552, -15.829472448421761 ] ] ] } },
{ "type": "Feature", "properties": { "id_celula": 8828 }, "geometry": { "type": "Polygon", "coordinates": [ [ [ -47.9014850040125, -15.81153968014911 ], [ -47.896822099465709, -15.811601975875185 ], [ -47.896757817352082, -15.807087499559458 ], [ -47.901420618780136, -15.807025222521164 ], [ -47.9014850040125, -15.81153968014911 ] ] ] } },
{ "type": "Feature", "properties": { "id_celula": 8839 }, "geometry": { "type": "Polygon", "coordinates": [ [ [ -47.90077790848472, -15.761880529249273 ], [ -47.896116136416346, -15.76194261945356 ], [ -47.89605208229537, -15.757428119760569 ], [ -47.900713751610475, -15.75736604823531 ], [ -47.90077790848472, -15.761880529249273 ] ] ] } },
{ "type": "Feature", "properties": { "id_celula": 8841 }, "geometry": { "type": "Polygon", "coordinates": [ [ [ -47.900649615483111, -15.752851565098744 ], [ -47.895988048888064, -15.752913617945765 ], [ -47.895924036192284, -15.748399114009727 ], [ -47.900585500100462, -15.748337079840146 ], [ -47.900649615483111, -15.752851565098744 ] ] ] } },
{ "type": "Feature", "properties": { "id_celula": 8843 }, "geometry": { "type": "Polygon", "coordinates": [ [ [ -47.900521405460388, -15.743822592460081 ], [ -47.895860044205861, -15.743884607953014 ], [ -47.895796072926665, -15.739370099776192 ], [ -47.900457331560723, -15.739308102959113 ], [ -47.900521405460388, -15.743822592460081 ] ] ] } },
{ "type": "Feature", "properties": { "id_celula": 8937 }, "geometry": { "type": "Polygon", "coordinates": [ [ [ -47.89733710318054, -15.847717709723728 ], [ -47.892673351729762, -15.847780054868538 ], [ -47.89260900702606, -15.843265576933286 ], [ -47.897272655089857, -15.84320325045268 ], [ -47.89733710318054, -15.847717709723728 ] ] ] } },
{ "type": "Feature", "properties": { "id_celula": 8954 }, "geometry": { "type": "Polygon", "coordinates": [ [ [ -47.896244306807922, -15.770971612471858 ], [ -47.891582308413263, -15.771033640433497 ], [ -47.891518315680322, -15.76651912633514 ], [ -47.896180211253146, -15.766457117024181 ], [ -47.896244306807922, -15.770971612471858 ] ] ] } },
{ "type": "Feature", "properties": { "id_celula": 8956 }, "geometry": { "type": "Polygon", "coordinates": [ [ [ -47.896116136416346, -15.76194261945356 ], [ -47.891454343632148, -15.762004610114637 ], [ -47.891390392266594, -15.757490091772549 ], [ -47.89605208229537, -15.757428119760569 ], [ -47.896116136416346, -15.76194261945356 ] ] ] } },
{ "type": "Feature", "properties": { "id_celula": 8957 }, "geometry": { "type": "Polygon", "coordinates": [ [ [ -47.89605208229537, -15.757428119760569 ], [ -47.891390392266594, -15.757490091772549 ], [ -47.8913264615815, -15.752975571309449 ], [ -47.895988048888064, -15.752913617945765 ], [ -47.89605208229537, -15.757428119760569 ] ] ] } },
{ "type": "Feature", "properties": { "id_celula": 8958 }, "geometry": { "type": "Polygon", "coordinates": [ [ [ -47.895988048888064, -15.752913617945765 ], [ -47.8913264615815, -15.752975571309449 ], [ -47.891262551574727, -15.748461048725902 ], [ -47.895924036192284, -15.748399114009727 ], [ -47.895988048888064, -15.752913617945765 ] ] ] } },
{ "type": "Feature", "properties": { "id_celula": 9054 }, "geometry": { "type": "Polygon", "coordinates": [ [ [ -47.892673351729762, -15.847780054868538 ], [ -47.888009579555373, -15.847842299899121 ], [ -47.887945338240819, -15.84332780332962 ], [ -47.89260900702606, -15.843265576933286 ], [ -47.892673351729762, -15.847780054868538 ] ] ] } },
{ "type": "Feature", "properties": { "id_celula": 9069 }, "geometry": { "type": "Polygon", "coordinates": [ [ [ -47.891710355942045, -15.780062662261509 ], [ -47.887048131112834, -15.78012462786193 ], [ -47.886984199894329, -15.775610099387235 ], [ -47.891646321833122, -15.775548152409138 ], [ -47.891710355942045, -15.780062662261509 ] ] ] } },
{ "type": "Feature", "properties": { "id_celula": 9070 }, "geometry": { "type": "Polygon", "coordinates": [ [ [ -47.891646321833122, -15.775548152409138 ], [ -47.886984199894329, -15.775610099387235 ], [ -47.886920289331684, -15.771095568790065 ], [ -47.891582308413263, -15.771033640433497 ], [ -47.891646321833122, -15.775548152409138 ] ] ] } },
{ "type": "Feature", "properties": { "id_celula": 9071 }, "geometry": { "type": "Polygon", "coordinates": [ [ [ -47.891582308413263, -15.771033640433497 ], [ -47.886920289331684, -15.771095568790065 ], [ -47.886856399422733, -15.76658103607096 ], [ -47.891518315680322, -15.76651912633514 ], [ -47.891582308413263, -15.771033640433497 ] ] ] } },
{ "type": "Feature", "properties": { "id_celula": 9072 }, "geometry": { "type": "Polygon", "coordinates": [ [ [ -47.891518315680322, -15.76651912633514 ], [ -47.886856399422733, -15.76658103607096 ], [ -47.886792530165337, -15.762066501230512 ], [ -47.891454343632148, -15.762004610114637 ], [ -47.891518315680322, -15.76651912633514 ] ] ] } },
{ "type": "Feature", "properties": { "id_celula": 9083 }, "geometry": { "type": "Polygon", "coordinates": [ [ [ -47.890815760339926, -15.716859331316096 ], [ -47.886154972954913, -15.716921036275979 ], [ -47.886091330723104, -15.712406478137975 ], [ -47.890752015682459, -15.712344791789352 ], [ -47.890815760339926, -15.716859331316096 ] ] ] } },
{ "type": "Feature", "properties": { "id_celula": 9099 }, "geometry": { "type": "Polygon", "coordinates": [ [ [ -47.889798323705499, -15.644626445363613 ], [ -47.885139171152275, -15.644687852637871 ], [ -47.885075858678029, -15.640173260734876 ], [ -47.889734909335942, -15.640111872059288 ], [ -47.889798323705499, -15.644626445363613 ] ] ] } },
{ "type": "Feature", "properties": { "id_celula": 9171 }, "geometry": { "type": "Polygon", "coordinates": [ [ [ -47.888009579555373, -15.847842299899121 ], [ -47.883345786690668, -15.84790444481348 ], [ -47.883281648767408, -15.843389929639695 ], [ -47.887945338240819, -15.84332780332962 ], [ -47.888009579555373, -15.847842299899121 ] ] ] } },
{ "type": "Feature", "properties": { "id_celula": 9180 }, "geometry": { "type": "Polygon", "coordinates": [ [ [ -47.887432152317039, -15.807211754106149 ], [ -47.882769288776537, -15.807273731610559 ], [ -47.882705336669758, -15.802759197285539 ], [ -47.887368097118291, -15.802697238378263 ], [ -47.887432152317039, -15.807211754106149 ] ] ] } },
{ "type": "Feature", "properties": { "id_celula": 9183 }, "geometry": { "type": "Polygon", "coordinates": [ [ [ -47.887240048724912, -15.793668200545417 ], [ -47.882577494360611, -15.793730122260794 ], [ -47.882513604153921, -15.789215581562198 ], [ -47.88717605552597, -15.789153678441581 ], [ -47.887240048724912, -15.793668200545417 ] ] ] } },
{ "type": "Feature", "properties": { "id_celula": 9191 }, "geometry": { "type": "Polygon", "coordinates": [ [ [ -47.886728681557344, -15.757551964269268 ], [ -47.882066950200837, -15.757613737248734 ], [ -47.88200322496661, -15.753099179578832 ], [ -47.886664853596614, -15.7530374251878 ], [ -47.886728681557344, -15.757551964269268 ] ] ] } },
{ "type": "Feature", "properties": { "id_celula": 9198 }, "geometry": { "type": "Polygon", "coordinates": [ [ [ -47.886282319304634, -15.725950146206019 ], [ -47.881621306336513, -15.726011789083048 ], [ -47.881557725340748, -15.721497216592962 ], [ -47.886218635814714, -15.721435592298842 ], [ -47.886282319304634, -15.725950146206019 ] ] ] } },
{ "type": "Feature", "properties": { "id_celula": 9201 }, "geometry": { "type": "Polygon", "coordinates": [ [ [ -47.886091330723104, -15.712406478137975 ], [ -47.881430625137902, -15.712468065268643 ], [ -47.881367105926557, -15.707953486435541 ], [ -47.886027709117137, -15.707891917885416 ], [ -47.886091330723104, -15.712406478137975 ] ] ] } },
{ "type": "Feature", "properties": { "id_celula": 9202 }, "geometry": { "type": "Polygon", "coordinates": [ [ [ -47.886027709117137, -15.707891917885416 ], [ -47.881367105926557, -15.707953486435541 ], [ -47.881303607305753, -15.703438905489227 ], [ -47.885964108134878, -15.70337735551886 ], [ -47.886027709117137, -15.707891917885416 ] ] ] } },
{ "type": "Feature", "properties": { "id_celula": 9228 }, "geometry": { "type": "Polygon", "coordinates": [ [ [ -47.884380780050023, -15.590512610963971 ], [ -47.8797228274871, -15.590573696695378 ], [ -47.879659863474103, -15.586059061004475 ], [ -47.884317714536785, -15.585997993832452 ], [ -47.884380780050023, -15.590512610963971 ] ] ] } },
{ "type": "Feature", "properties": { "id_celula": 9276 }, "geometry": { "type": "Polygon", "coordinates": [ [ [ -47.884117053637823, -15.902078460539473 ], [ -47.87945199679794, -15.902140728289526 ], [ -47.879387714640416, -15.897626220138045 ], [ -47.884052667687293, -15.897563970971868 ], [ -47.884117053637823, -15.902078460539473 ] ] ] } },
{ "type": "Feature", "properties": { "id_celula": 9287 }, "geometry": { "type": "Polygon", "coordinates": [ [ [ -47.883409945270976, -15.852418957856516 ], [ -47.878746028322475, -15.852481021227774 ], [ -47.878681973168895, -15.847966489609622 ], [ -47.883345786690668, -15.84790444481348 ], [ -47.883409945270976, -15.852418957856516 ] ] ] } },
{ "type": "Feature", "properties": { "id_celula": 9291 }, "geometry": { "type": "Polygon", "coordinates": [ [ [ -47.883153434883432, -15.834360892902168 ], [ -47.878489931442232, -15.834422881977719 ], [ -47.878425958770841, -15.829908341843154 ], [ -47.88308935891839, -15.829846371339546 ], [ -47.883153434883432, -15.834360892902168 ] ] ] } },
{ "type": "Feature", "properties": { "id_celula": 9318 }, "geometry": { "type": "Polygon", "coordinates": [ [ [ -47.881430625137902, -15.712468065268643 ], [ -47.876769898960028, -15.712529553179378 ], [ -47.876706482145437, -15.708014955795642 ], [ -47.881367105926557, -15.707953486435541 ], [ -47.881430625137902, -15.712468065268643 ] ] ] } },
{ "type": "Feature", "properties": { "id_celula": 9319 }, "geometry": { "type": "Polygon", "coordinates": [ [ [ -47.881367105926557, -15.707953486435541 ], [ -47.876706482145437, -15.708014955795642 ], [ -47.876643085888219, -15.703500356299502 ], [ -47.881303607305753, -15.703438905489227 ], [ -47.881367105926557, -15.707953486435541 ] ] ] } },
{ "type": "Feature", "properties": { "id_celula": 9408 }, "geometry": { "type": "Polygon", "coordinates": [ [ [ -47.878489931442232, -15.834422881977719 ], [ -47.87382640738371, -15.834484771022934 ], [ -47.87376253800813, -15.829970212346387 ], [ -47.878425958770841, -15.829908341843154 ], [ -47.878489931442232, -15.834422881977719 ] ] ] } },
{ "type": "Feature", "properties": { "id_celula": 9420 }, "geometry": { "type": "Polygon", "coordinates": [ [ [ -47.877723619513631, -15.780248260059942 ], [ -47.873061332810089, -15.780309926653565 ], [ -47.872997710275754, -15.775795342491548 ], [ -47.87765989408242, -15.775733694430425 ], [ -47.877723619513631, -15.780248260059942 ] ] ] } },
{ "type": "Feature", "properties": { "id_celula": 9432 }, "geometry": { "type": "Polygon", "coordinates": [ [ [ -47.87696027276931, -15.726073332650367 ], [ -47.872299218636222, -15.726134776905992 ], [ -47.872235842635163, -15.721620167339873 ], [ -47.876896794269832, -15.721558741607296 ], [ -47.87696027276931, -15.726073332650367 ] ] ] } },
{ "type": "Feature", "properties": { "id_celula": 9433 }, "geometry": { "type": "Polygon", "coordinates": [ [ [ -47.876896794269832, -15.721558741607296 ], [ -47.872235842635163, -15.721620167339873 ], [ -47.872172487164676, -15.717105555660423 ], [ -47.876833336334109, -15.717044148450114 ], [ -47.876896794269832, -15.721558741607296 ] ] ] } },
{ "type": "Feature", "properties": { "id_celula": 9434 }, "geometry": { "type": "Polygon", "coordinates": [ [ [ -47.876833336334109, -15.717044148450114 ], [ -47.872172487164676, -15.717105555660423 ], [ -47.872109152222649, -15.7125909418682 ], [ -47.876769898960028, -15.712529553179378 ], [ -47.876833336334109, -15.717044148450114 ] ] ] } },
{ "type": "Feature", "properties": { "id_celula": 9435 }, "geometry": { "type": "Polygon", "coordinates": [ [ [ -47.876769898960028, -15.712529553179378 ], [ -47.872109152222649, -15.7125909418682 ], [ -47.872045837806951, -15.708076325963777 ], [ -47.876706482145437, -15.708014955795642 ], [ -47.876769898960028, -15.712529553179378 ] ] ] } },
{ "type": "Feature", "properties": { "id_celula": 9436 }, "geometry": { "type": "Polygon", "coordinates": [ [ [ -47.876706482145437, -15.708014955795642 ], [ -47.872045837806951, -15.708076325963777 ], [ -47.871982543915443, -15.703561707947713 ], [ -47.876643085888219, -15.703500356299502 ], [ -47.876706482145437, -15.708014955795642 ] ] ] } },
{ "type": "Feature", "properties": { "id_celula": 9517 }, "geometry": { "type": "Polygon", "coordinates": [ [ [ -47.874338103594781, -15.870601163799275 ], [ -47.869673731370668, -15.870663100936868 ], [ -47.869609800826659, -15.866148540777454 ], [ -47.874274069486589, -15.866086622158225 ], [ -47.874338103594781, -15.870601163799275 ] ] ] } },
{ "type": "Feature", "properties": { "id_celula": 9520 }, "geometry": { "type": "Polygon", "coordinates": [ [ [ -47.874146063065361, -15.857057532482447 ], [ -47.869482001433951, -15.857119414067341 ], [ -47.869418132580947, -15.85260484751776 ], [ -47.874082090748033, -15.852542984448851 ], [ -47.874146063065361, -15.857057532482447 ] ] ] } },
{ "type": "Feature", "properties": { "id_celula": 9524 }, "geometry": { "type": "Polygon", "coordinates": [ [ [ -47.873890297343344, -15.838999327572015 ], [ -47.869226649369558, -15.839061135097728 ], [ -47.869162862741142, -15.834546560035827 ], [ -47.87382640738371, -15.834484771022934 ], [ -47.873890297343344, -15.838999327572015 ] ] ] } },
{ "type": "Feature", "properties": { "id_celula": 9550 }, "geometry": { "type": "Polygon", "coordinates": [ [ [ -47.872235842635163, -15.721620167339873 ], [ -47.867574870469902, -15.721681493788717 ], [ -47.867511617466789, -15.717166863616926 ], [ -47.872172487164676, -15.717105555660423 ], [ -47.872235842635163, -15.721620167339873 ] ] ] } },
{ "type": "Feature", "properties": { "id_celula": 9553 }, "geometry": { "type": "Polygon", "coordinates": [ [ [ -47.872045837806951, -15.708076325963777 ], [ -47.867385172944267, -15.708137596937949 ], [ -47.867321981420602, -15.703622960431899 ], [ -47.871982543915443, -15.703561707947713 ], [ -47.872045837806951, -15.708076325963777 ] ] ] } },
{ "type": "Feature", "properties": { "id_celula": 9554 }, "geometry": { "type": "Polygon", "coordinates": [ [ [ -47.871982543915443, -15.703561707947713 ], [ -47.867321981420602, -15.703622960431899 ], [ -47.867258810385849, -15.699108321815558 ], [ -47.871919270546023, -15.699047087820579 ], [ -47.871982543915443, -15.703561707947713 ] ] ] } },
{ "type": "Feature", "properties": { "id_celula": 9576 }, "geometry": { "type": "Polygon", "coordinates": [ [ [ -47.870595266630389, -15.604239578495164 ], [ -47.865936947842457, -15.604300424397188 ], [ -47.865874227028215, -15.599785739497587 ], [ -47.870532444210326, -15.599724912067606 ], [ -47.870595266630389, -15.604239578495164 ] ] ] } },
{ "type": "Feature", "properties": { "id_celula": 9578 }, "geometry": { "type": "Polygon", "coordinates": [ [ [ -47.870469642263664, -15.595210243541999 ], [ -47.865811526654298, -15.595271052500706 ], [ -47.865748846718574, -15.590756363407111 ], [ -47.8704068607883, -15.590695572918907 ], [ -47.870469642263664, -15.595210243541999 ] ] ] } },
{ "type": "Feature", "properties": { "id_celula": 9645 }, "geometry": { "type": "Polygon", "coordinates": [ [ [ -47.86897162615201, -15.821002822092378 ], [ -47.864308370759161, -15.821064455627138 ], [ -47.864244769521314, -15.81654985358225 ], [ -47.868907921713856, -15.816488238527189 ], [ -47.86897162615201, -15.821002822092378 ] ] ] } },
{ "type": "Feature", "properties": { "id_celula": 9662 }, "geometry": { "type": "Polygon", "coordinates": [ [ [ -47.867891442988977, -15.744254612948129 ], [ -47.863229937481051, -15.744315932435079 ], [ -47.863166684605119, -15.73980129436536 ], [ -47.867828087477605, -15.739739993344733 ], [ -47.867891442988977, -15.744254612948129 ] ] ] } },
{ "type": "Feature", "properties": { "id_celula": 9667 }, "geometry": { "type": "Polygon", "coordinates": [ [ [ -47.867574870469902, -15.721681493788717 ], [ -47.862913877807244, -15.721742720951854 ], [ -47.862850727273624, -15.717228072317655 ], [ -47.867511617466789, -15.717166863616926 ], [ -47.867574870469902, -15.721681493788717 ] ] ] } },
{ "type": "Feature", "properties": { "id_celula": 9669 }, "geometry": { "type": "Polygon", "coordinates": [ [ [ -47.867448384958955, -15.71265223133315 ], [ -47.8627875972021, -15.712713421572245 ], [ -47.862724487590555, -15.708198768716201 ], [ -47.867385172944267, -15.708137596937949 ], [ -47.867448384958955, -15.71265223133315 ] ] ] } },
{ "type": "Feature", "properties": { "id_celula": 9694 }, "geometry": { "type": "Polygon", "coordinates": [ [ [ -47.865874227028215, -15.599785739497587 ], [ -47.861215989405807, -15.599846468449474 ], [ -47.861153390606724, -15.595331763011218 ], [ -47.865811526654298, -15.595271052500706 ], [ -47.865874227028215, -15.599785739497587 ] ] ] } },
{ "type": "Feature", "properties": { "id_celula": 9778 }, "geometry": { "type": "Polygon", "coordinates": [ [ [ -47.863293210831813, -15.748830568390204 ], [ -47.858631582178283, -15.748891806877008 ], [ -47.858568411498283, -15.744377152484702 ], [ -47.863229937481051, -15.744315932435079 ], [ -47.863293210831813, -15.748830568390204 ] ] ] } },
{ "type": "Feature", "properties": { "id_celula": 9885 }, "geometry": { "type": "Polygon", "coordinates": [ [ [ -47.859264413735588, -15.794038234416455 ], [ -47.854601736082543, -15.79409955754949 ], [ -47.854538463874405, -15.789584905911227 ], [ -47.85920103852235, -15.789523601193272 ], [ -47.859264413735588, -15.794038234416455 ] ] ] } },
{ "type": "Feature", "properties": { "id_celula": 9902 }, "geometry": { "type": "Polygon", "coordinates": [ [ [ -47.858189816618371, -15.717289181760638 ], [ -47.853528885534203, -15.717350191943931 ], [ -47.853465960341659, -15.712835504365041 ], [ -47.858126788985281, -15.712774512583534 ], [ -47.858189816618371, -15.717289181760638 ] ] ] } },
{ "type": "Feature", "properties": { "id_celula": 9920 }, "geometry": { "type": "Polygon", "coordinates": [ [ [ -47.857058442798092, -15.636024814225584 ], [ -47.852399350570423, -15.636085493296006 ], [ -47.852336792140385, -15.631570767840135 ], [ -47.85699578252418, -15.631510107157494 ], [ -47.857058442798092, -15.636024814225584 ] ] ] } },
{ "type": "Feature", "properties": { "id_celula": 9923 }, "geometry": { "type": "Polygon", "coordinates": [ [ [ -47.856870523140721, -15.622480686722822 ], [ -47.852211736345325, -15.622541310632228 ], [ -47.852149238976111, -15.618026578881318 ], [ -47.856807924026974, -15.617965973357371 ], [ -47.856870523140721, -15.622480686722822 ] ] ] } },
{ "type": "Feature", "properties": { "id_celula": 10001 }, "geometry": { "type": "Polygon", "coordinates": [ [ [ -47.854665028722465, -15.798614207068509 ], [ -47.850002227597166, -15.798675448816807 ], [ -47.849939037997707, -15.794160780911881 ], [ -47.854601736082543, -15.79409955754949 ], [ -47.854665028722465, -15.798614207068509 ] ] ] } },
{ "type": "Feature", "properties": { "id_celula": 10002 }, "geometry": { "type": "Polygon", "coordinates": [ [ [ -47.854601736082543, -15.79409955754949 ], [ -47.849939037997707, -15.794160780911881 ], [ -47.849875868796794, -15.789646110888503 ], [ -47.854538463874405, -15.789584905911227 ], [ -47.854601736082543, -15.79409955754949 ] ] ] } },
{ "type": "Feature", "properties": { "id_celula": 10036 }, "geometry": { "type": "Polygon", "coordinates": [ [ [ -47.852461929358263, -15.640600216652397 ], [ -47.847802714893696, -15.640660815358327 ], [ -47.847740237984944, -15.636146073643285 ], [ -47.852399350570423, -15.636085493296006 ], [ -47.852461929358263, -15.640600216652397 ] ] ] } },
{ "type": "Feature", "properties": { "id_celula": 10040 }, "geometry": { "type": "Polygon", "coordinates": [ [ [ -47.852211736345325, -15.622541310632228 ], [ -47.847552929198415, -15.622601835908204 ], [ -47.847490533575836, -15.618087085801745 ], [ -47.852149238976111, -15.618026578881318 ], [ -47.852211736345325, -15.622541310632228 ] ] ] } },
{ "type": "Feature", "properties": { "id_celula": 10118 }, "geometry": { "type": "Polygon", "coordinates": [ [ [ -47.850002227597166, -15.798675448816807 ], [ -47.845339406071197, -15.798736590762552 ], [ -47.845276319514326, -15.794221904501667 ], [ -47.849939037997707, -15.794160780911881 ], [ -47.850002227597166, -15.798675448816807 ] ] ] } },
{ "type": "Feature", "properties": { "id_celula": 10119 }, "geometry": { "type": "Polygon", "coordinates": [ [ [ -47.849939037997707, -15.794160780911881 ], [ -47.845276319514326, -15.794221904501667 ], [ -47.845213253322761, -15.789707216123114 ], [ -47.849875868796794, -15.789646110888503 ], [ -47.849939037997707, -15.794160780911881 ] ] ] } },
{ "type": "Feature", "properties": { "id_celula": 10145 }, "geometry": { "type": "Polygon", "coordinates": [ [ [ -47.84830326210416, -15.676778673457635 ], [ -47.843643211070514, -15.676839320066348 ], [ -47.84358067363501, -15.672324576826318 ], [ -47.848240622522376, -15.672263948552533 ], [ -47.84830326210416, -15.676778673457635 ] ] ] } },
{ "type": "Feature", "properties": { "id_celula": 10148 }, "geometry": { "type": "Polygon", "coordinates": [ [ [ -47.848115404381147, -15.663234492433251 ], [ -47.843455659686903, -15.663295084039484 ], [ -47.843393183170107, -15.658780334493816 ], [ -47.848052825817497, -15.658719761220183 ], [ -47.848115404381147, -15.663234492433251 ] ] ] } },
{ "type": "Feature", "properties": { "id_celula": 10156 }, "geometry": { "type": "Polygon", "coordinates": [ [ [ -47.847615345139403, -15.627116583917662 ], [ -47.84295641589226, -15.62717702888469 ], [ -47.842894101733116, -15.622662262548815 ], [ -47.847552929198415, -15.622601835908204 ], [ -47.847615345139403, -15.627116583917662 ] ] ] } },
{ "type": "Feature", "properties": { "id_celula": 10157 }, "geometry": { "type": "Polygon", "coordinates": [ [ [ -47.847552929198415, -15.622601835908204 ], [ -47.842894101733116, -15.622662262548815 ], [ -47.842831807859255, -15.6181474941167 ], [ -47.847490533575836, -15.618087085801745 ], [ -47.847552929198415, -15.622601835908204 ] ] ] } },
{ "type": "Feature", "properties": { "id_celula": 10243 }, "geometry": { "type": "Polygon", "coordinates": [ [ [ -47.844835283726177, -15.76261904141238 ], [ -47.840173265259871, -15.762679936967437 ], [ -47.840110444345015, -15.758165215461243 ], [ -47.844772360032444, -15.75810433822595 ], [ -47.844835283726177, -15.76261904141238 ] ] ] } },
{ "type": "Feature", "properties": { "id_celula": 10245 }, "geometry": { "type": "Polygon", "coordinates": [ [ [ -47.844709456687077, -15.753589632926355 ], [ -47.840047643745301, -15.753650491842661 ], [ -47.839984863458639, -15.74913576611227 ], [ -47.844646573687967, -15.749074925514163 ], [ -47.844709456687077, -15.753589632926355 ] ] ] } },
{ "type": "Feature", "properties": { "id_celula": 10266 }, "geometry": { "type": "Polygon", "coordinates": [ [ [ -47.843393183170107, -15.658780334493816 ], [ -47.838733520220671, -15.658840808890863 ], [ -47.838671166021719, -15.65432603894252 ], [ -47.843330726955344, -15.654265582847396 ], [ -47.843393183170107, -15.658780334493816 ] ] ] } },
{ "type": "Feature", "properties": { "id_celula": 10267 }, "geometry": { "type": "Polygon", "coordinates": [ [ [ -47.843330726955344, -15.654265582847396 ], [ -47.838671166021719, -15.65432603894252 ], [ -47.838608832089569, -15.649811266894771 ], [ -47.84326829104053, -15.649750829100787 ], [ -47.843330726955344, -15.654265582847396 ] ] ] } },
{ "type": "Feature", "properties": { "id_celula": 10272 }, "geometry": { "type": "Polygon", "coordinates": [ [ [ -47.843018750338786, -15.631691793123771 ], [ -47.838359698987219, -15.631752157720877 ], [ -47.838297466357737, -15.62723737518451 ], [ -47.84295641589226, -15.62717702888469 ], [ -47.843018750338786, -15.631691793123771 ] ] ] } },
{ "type": "Feature", "properties": { "id_celula": 10338 }, "geometry": { "type": "Polygon", "coordinates": [ [ [ -47.841560469402481, -15.862003274532096 ], [ -47.836896161026893, -15.862064473093527 ], [ -47.836832996155657, -15.857549779895134 ], [ -47.841497201018647, -15.857488599640689 ], [ -47.841560469402481, -15.862003274532096 ] ] ] } },
{ "type": "Feature", "properties": { "id_celula": 10361 }, "geometry": { "type": "Polygon", "coordinates": [ [ [ -47.840110444345015, -15.758165215461243 ], [ -47.835448508342431, -15.758225993159586 ], [ -47.835385810490486, -15.753711251251957 ], [ -47.840047643745301, -15.753650491842661 ], [ -47.840110444345015, -15.758165215461243 ] ] ] } },
{ "type": "Feature", "properties": { "id_celula": 10367 }, "geometry": { "type": "Polygon", "coordinates": [ [ [ -47.839733945400205, -15.731076842083811 ], [ -47.835072625386125, -15.731137510059552 ], [ -47.835010049181584, -15.726622755494144 ], [ -47.839671266647116, -15.726562105802785 ], [ -47.839733945400205, -15.731076842083811 ] ] ] } },
{ "type": "Feature", "properties": { "id_celula": 10377 }, "geometry": { "type": "Polygon", "coordinates": [ [ [ -47.839108071134611, -15.685929384461634 ], [ -47.834447775112821, -15.685989869628415 ], [ -47.834385401485832, -15.681475094011757 ], [ -47.839045595290827, -15.681414627121621 ], [ -47.839108071134611, -15.685929384461634 ] ] ] } },
{ "type": "Feature", "properties": { "id_celula": 10378 }, "geometry": { "type": "Polygon", "coordinates": [ [ [ -47.839045595290827, -15.681414627121621 ], [ -47.834385401485832, -15.681475094011757 ], [ -47.834323048105063, -15.676960316293082 ], [ -47.83898313972643, -15.676899867678813 ], [ -47.839045595290827, -15.681414627121621 ] ] ] } },
{ "type": "Feature", "properties": { "id_celula": 10382 }, "geometry": { "type": "Polygon", "coordinates": [ [ [ -47.838795894688523, -15.663355576739235 ], [ -47.834136109419148, -15.663415970530536 ], [ -47.834073837002343, -15.658901184409395 ], [ -47.838733520220671, -15.658840808890863 ], [ -47.838795894688523, -15.663355576739235 ] ] ] } },
{ "type": "Feature", "properties": { "id_celula": 10385 }, "geometry": { "type": "Polygon", "coordinates": [ [ [ -47.838608832089569, -15.649811266894771 ], [ -47.833949352873901, -15.649871605870056 ], [ -47.833887141158101, -15.645356813452981 ], [ -47.838546518422142, -15.645296492748159 ], [ -47.838608832089569, -15.649811266894771 ] ] ] } },
{ "type": "Feature", "properties": { "id_celula": 10456 }, "geometry": { "type": "Polygon", "coordinates": [ [ [ -47.836832996155657, -15.857549779895134 ], [ -47.832168770964159, -15.857610859951611 ], [ -47.832105729902842, -15.853096146352994 ], [ -47.836769851612907, -15.85303508457276 ], [ -47.836832996155657, -15.857549779895134 ] ] ] } },
{ "type": "Feature", "properties": { "id_celula": 10459 }, "geometry": { "type": "Polygon", "coordinates": [ [ [ -47.836643623504422, -15.844005687558317 ], [ -47.831979708657322, -15.844066712788425 ], [ -47.831916728468897, -15.839551992823591 ], [ -47.836580539934424, -15.839490985867371 ], [ -47.836643623504422, -15.844005687558317 ] ] ] } },
{ "type": "Feature", "properties": { "id_celula": 10460 }, "geometry": { "type": "Polygon", "coordinates": [ [ [ -47.836580539934424, -15.839490985867371 ], [ -47.831916728468897, -15.839551992823591 ], [ -47.831853768567193, -15.835037270737807 ], [ -47.836517476684435, -15.834976282054701 ], [ -47.836580539934424, -15.839490985867371 ] ] ] } },
{ "type": "Feature", "properties": { "id_celula": 10464 }, "geometry": { "type": "Polygon", "coordinates": [ [ [ -47.836328408833268, -15.82143215789192 ], [ -47.83166501056126, -15.821493091760379 ], [ -47.831602131785282, -15.816978361196409 ], [ -47.836265426842083, -15.81691744559795 ], [ -47.836328408833268, -15.82143215789192 ] ] ] } },
{ "type": "Feature", "properties": { "id_celula": 10471 }, "geometry": { "type": "Polygon", "coordinates": [ [ [ -47.83588796131837, -15.789829127356533 ], [ -47.831225284854483, -15.789889933351411 ], [ -47.831162547967139, -15.78537518797229 ], [ -47.835825121448565, -15.785314400241948 ], [ -47.83588796131837, -15.789829127356533 ] ] ] } },
{ "type": "Feature", "properties": { "id_celula": 10497 }, "geometry": { "type": "Polygon", "coordinates": [ [ [ -47.834260714968423, -15.672445536472944 ], [ -47.829600705255501, -15.672505867841904 ], [ -47.829538494480317, -15.66799106767647 ], [ -47.834198402073817, -15.667930754551909 ], [ -47.834260714968423, -15.672445536472944 ] ] ] } },
{ "type": "Feature", "properties": { "id_celula": 10499 }, "geometry": { "type": "Polygon", "coordinates": [ [ [ -47.834136109419148, -15.663415970530536 ], [ -47.829476303911925, -15.663476265411468 ], [ -47.829414133548248, -15.658961461047463 ], [ -47.834073837002343, -15.658901184409395 ], [ -47.834136109419148, -15.663415970530536 ] ] ] } },
{ "type": "Feature", "properties": { "id_celula": 10502 }, "geometry": { "type": "Polygon", "coordinates": [ [ [ -47.833949352873901, -15.649871605870056 ], [ -47.829289853426651, -15.649931846024705 ], [ -47.829227743664568, -15.645417035367082 ], [ -47.833887141158101, -15.645356813452981 ], [ -47.833949352873901, -15.649871605870056 ] ] ] } },
{ "type": "Feature", "properties": { "id_celula": 10503 }, "geometry": { "type": "Polygon", "coordinates": [ [ [ -47.833887141158101, -15.645356813452981 ], [ -47.829227743664568, -15.645417035367082 ], [ -47.829165654098844, -15.640902222612711 ], [ -47.833824949671794, -15.640842018938393 ], [ -47.833887141158101, -15.645356813452981 ] ] ] } },
{ "type": "Feature", "properties": { "id_celula": 10504 }, "geometry": { "type": "Polygon", "coordinates": [ [ [ -47.833824949671794, -15.640842018938393 ], [ -47.829165654098844, -15.640902222612711 ], [ -47.829103584727406, -15.636387407762163 ], [ -47.83376277841289, -15.636327222326853 ], [ -47.833824949671794, -15.640842018938393 ] ] ] } },
{ "type": "Feature", "properties": { "id_celula": 10505 }, "geometry": { "type": "Polygon", "coordinates": [ [ [ -47.83376277841289, -15.636327222326853 ], [ -47.829103584727406, -15.636387407762163 ], [ -47.829041535548157, -15.631872590815988 ], [ -47.833700627379308, -15.631812423618927 ], [ -47.83376277841289, -15.636327222326853 ] ] ] } },
{ "type": "Feature", "properties": { "id_celula": 10558 }, "geometry": { "type": "Polygon", "coordinates": [ [ [ -47.833116823498479, -15.9253313088324 ], [ -47.828451021761602, -15.925392562476823 ], [ -47.828387780032308, -15.920877862527165 ], [ -47.833053477785896, -15.920816627140752 ], [ -47.833116823498479, -15.9253313088324 ] ] ] } },
{ "type": "Feature", "properties": { "id_celula": 10577 }, "geometry": { "type": "Polygon", "coordinates": [ [ [ -47.831916728468897, -15.839551992823591 ], [ -47.827252896716644, -15.839612899699764 ], [ -47.827190040165348, -15.835098159370837 ], [ -47.831853768567193, -15.835037270737807 ], [ -47.831916728468897, -15.839551992823591 ] ] ] } },
{ "type": "Feature", "properties": { "id_celula": 10618 }, "geometry": { "type": "Polygon", "coordinates": [ [ [ -47.829351983387184, -15.654446654585017 ], [ -47.82469236175254, -15.654506814128512 ], [ -47.824630333780952, -15.649991987356792 ], [ -47.829289853426651, -15.649931846024705 ], [ -47.829351983387184, -15.654446654585017 ] ] ] } },
{ "type": "Feature", "properties": { "id_celula": 10619 }, "geometry": { "type": "Polygon", "coordinates": [ [ [ -47.829289853426651, -15.649931846024705 ], [ -47.824630333780952, -15.649991987356792 ], [ -47.824568325974674, -15.645477158488525 ], [ -47.829227743664568, -15.645417035367082 ], [ -47.829289853426651, -15.649931846024705 ] ] ] } },
{ "type": "Feature", "properties": { "id_celula": 10620 }, "geometry": { "type": "Polygon", "coordinates": [ [ [ -47.829227743664568, -15.645417035367082 ], [ -47.824568325974674, -15.645477158488525 ], [ -47.824506338331624, -15.640962327524285 ], [ -47.829165654098844, -15.640902222612711 ], [ -47.829227743664568, -15.645417035367082 ] ] ] } },
{ "type": "Feature", "properties": { "id_celula": 10621 }, "geometry": { "type": "Polygon", "coordinates": [ [ [ -47.829165654098844, -15.640902222612711 ], [ -47.824506338331624, -15.640962327524285 ], [ -47.824444370849726, -15.636447494464635 ], [ -47.829103584727406, -15.636387407762163 ], [ -47.829165654098844, -15.640902222612711 ] ] ] } },
{ "type": "Feature", "properties": { "id_celula": 10735 }, "geometry": { "type": "Polygon", "coordinates": [ [ [ -47.82469236175254, -15.654506814128512 ], [ -47.820032719950511, -15.65456687481759 ], [ -47.819970793969944, -15.65005202986438 ], [ -47.824630333780952, -15.649991987356792 ], [ -47.82469236175254, -15.654506814128512 ] ] ] } },
{ "type": "Feature", "properties": { "id_celula": 10736 }, "geometry": { "type": "Polygon", "coordinates": [ [ [ -47.824630333780952, -15.649991987356792 ], [ -47.819970793969944, -15.65005202986438 ], [ -47.819908888121546, -15.64553718281539 ], [ -47.824568325974674, -15.645477158488525 ], [ -47.824630333780952, -15.649991987356792 ] ] ] } },
{ "type": "Feature", "properties": { "id_celula": 10738 }, "geometry": { "type": "Polygon", "coordinates": [ [ [ -47.824506338331624, -15.640962327524285 ], [ -47.81984700240325, -15.641022333671192 ], [ -47.819785136812975, -15.636507482432345 ], [ -47.824444370849726, -15.636447494464635 ], [ -47.824506338331624, -15.640962327524285 ] ] ] } },
{ "type": "Feature", "properties": { "id_celula": 10742 }, "geometry": { "type": "Polygon", "coordinates": [ [ [ -47.824258589350144, -15.622902982718815 ], [ -47.819599660789521, -15.622962916153547 ], [ -47.819537875690578, -15.618448056541739 ], [ -47.824196702492046, -15.618388141283134 ], [ -47.824258589350144, -15.622902982718815 ] ] ] } },
{ "type": "Feature", "properties": { "id_celula": 10808 }, "geometry": { "type": "Polygon", "coordinates": [ [ [ -47.822777425636723, -15.853217969401681 ], [ -47.818113243147266, -15.853278730666206 ], [ -47.818050532736137, -15.84876396029841 ], [ -47.822714611771111, -15.848703217219429 ], [ -47.822777425636723, -15.853217969401681 ] ] ] } },
{ "type": "Feature", "properties": { "id_celula": 10815 }, "geometry": { "type": "Polygon", "coordinates": [ [ [ -47.822338153215739, -15.821614659614765 ], [ -47.817674694208755, -15.821675293596796 ], [ -47.817612125091088, -15.817160508402626 ], [ -47.822275480876527, -15.817099892600703 ], [ -47.822338153215739, -15.821614659614765 ] ] ] } },
{ "type": "Feature", "properties": { "id_celula": 10829 }, "geometry": { "type": "Polygon", "coordinates": [ [ [ -47.821462578775922, -15.758407729013388 ], [ -47.816800561844893, -15.758468108544443 ], [ -47.816738275005058, -15.753953293780079 ], [ -47.821400189179911, -15.753892932418301 ], [ -47.821462578775922, -15.758407729013388 ] ] ] } },
{ "type": "Feature", "properties": { "id_celula": 10852 }, "geometry": { "type": "Polygon", "coordinates": [ [ [ -47.820032719950511, -15.65456687481759 ], [ -47.815373058014224, -15.654626836650335 ], [ -47.815311234026751, -15.650111973545545 ], [ -47.819970793969944, -15.65005202986438 ], [ -47.820032719950511, -15.65456687481759 ] ] ] } },
{ "type": "Feature", "properties": { "id_celula": 10853 }, "geometry": { "type": "Polygon", "coordinates": [ [ [ -47.819970793969944, -15.65005202986438 ], [ -47.815311234026751, -15.650111973545545 ], [ -47.815249430138323, -15.645597108345745 ], [ -47.819908888121546, -15.64553718281539 ], [ -47.819970793969944, -15.65005202986438 ] ] ] } },
{ "type": "Feature", "properties": { "id_celula": 10854 }, "geometry": { "type": "Polygon", "coordinates": [ [ [ -47.819908888121546, -15.64553718281539 ], [ -47.815249430138323, -15.645597108345745 ], [ -47.815187646346857, -15.641082241051498 ], [ -47.81984700240325, -15.641022333671192 ], [ -47.819908888121546, -15.64553718281539 ] ] ] } },
{ "type": "Feature", "properties": { "id_celula": 10926 }, "geometry": { "type": "Polygon", "coordinates": [ [ [ -47.818050532736137, -15.84876396029841 ], [ -47.813386433510054, -15.848824603231542 ], [ -47.813323846713331, -15.844309812589216 ], [ -47.817987842516104, -15.844249187810874 ], [ -47.818050532736137, -15.84876396029841 ] ] ] } },
{ "type": "Feature", "properties": { "id_celula": 10945 }, "geometry": { "type": "Polygon", "coordinates": [ [ [ -47.816862868833788, -15.762982921200285 ], [ -47.812200728962196, -15.763043219324747 ], [ -47.812138524764791, -15.758528388528807 ], [ -47.816800561844893, -15.758468108544443 ], [ -47.816862868833788, -15.762982921200285 ] ] ] } },
{ "type": "Feature", "properties": { "id_celula": 10947 }, "geometry": { "type": "Polygon", "coordinates": [ [ [ -47.816738275005058, -15.753953293780079 ], [ -47.812076340683227, -15.75401355562512 ], [ -47.812014176715422, -15.74949872061427 ], [ -47.8166760083122, -15.74943847690778 ], [ -47.816738275005058, -15.753953293780079 ] ] ] } },
{ "type": "Feature", "properties": { "id_celula": 10949 }, "geometry": { "type": "Polygon", "coordinates": [ [ [ -47.816613761764224, -15.744923657928105 ], [ -47.811952032859288, -15.744983883496811 ], [ -47.811889909112736, -15.740469044273297 ], [ -47.816551535359046, -15.740408836841604 ], [ -47.816613761764224, -15.744923657928105 ] ] ] } },
{ "type": "Feature", "properties": { "id_celula": 10969 }, "geometry": { "type": "Polygon", "coordinates": [ [ [ -47.815373058014224, -15.654626836650335 ], [ -47.810713375976817, -15.654686699624808 ], [ -47.810651653984522, -15.650171818398357 ], [ -47.815311234026751, -15.650111973545545 ], [ -47.815373058014224, -15.654626836650335 ] ] ] } },
{ "type": "Feature", "properties": { "id_celula": 10970 }, "geometry": { "type": "Polygon", "coordinates": [ [ [ -47.815311234026751, -15.650111973545545 ], [ -47.810651653984522, -15.650171818398357 ], [ -47.81058995205813, -15.645656935077659 ], [ -47.815249430138323, -15.645597108345745 ], [ -47.815311234026751, -15.650111973545545 ] ] ] } },
{ "type": "Feature", "properties": { "id_celula": 11033 }, "geometry": { "type": "Polygon", "coordinates": [ [ [ -47.814013410505041, -15.893972393019482 ], [ -47.809348255035573, -15.894033117095768 ], [ -47.809285570324242, -15.889518329535694 ], [ -47.813950622035257, -15.889457623592 ], [ -47.814013410505041, -15.893972393019482 ] ] ] } },
{ "type": "Feature", "properties": { "id_celula": 11038 }, "geometry": { "type": "Polygon", "coordinates": [ [ [ -47.813699669903059, -15.871398524647576 ], [ -47.809035032892695, -15.871459158068678 ], [ -47.808972448877711, -15.866944359898051 ], [ -47.813636982296174, -15.866883744605651 ], [ -47.813699669903059, -15.871398524647576 ] ] ] } },
{ "type": "Feature", "properties": { "id_celula": 11043 }, "geometry": { "type": "Polygon", "coordinates": [ [ [ -47.813386433510054, -15.848824603231542 ], [ -47.808722314126157, -15.848885146016883 ], [ -47.808659830754848, -15.844370337249725 ], [ -47.813323846713331, -15.844309812589216 ], [ -47.813386433510054, -15.848824603231542 ] ] ] } },
{ "type": "Feature", "properties": { "id_celula": 11049 }, "geometry": { "type": "Polygon", "coordinates": [ [ [ -47.813011215023302, -15.821735827612784 ], [ -47.808347715692662, -15.821796261660786 ], [ -47.808285353024402, -15.817281440196295 ], [ -47.812948749129291, -15.817221024268475 ], [ -47.813011215023302, -15.821735827612784 ] ] ] } },
{ "type": "Feature", "properties": { "id_celula": 11050 }, "geometry": { "type": "Polygon", "coordinates": [ [ [ -47.812948749129291, -15.817221024268475 ], [ -47.808285353024402, -15.817281440196295 ], [ -47.808223010465966, -15.812766616617544 ], [ -47.81288630337837, -15.812706218809128 ], [ -47.812948749129291, -15.817221024268475 ] ] ] } },
{ "type": "Feature", "properties": { "id_celula": 11053 }, "geometry": { "type": "Polygon", "coordinates": [ [ [ -47.812761472297403, -15.803676601547588 ], [ -47.808098385670185, -15.803736963119508 ], [ -47.808036103428662, -15.799222133201347 ], [ -47.81269908696315, -15.799161789746517 ], [ -47.812761472297403, -15.803676601547588 ] ] ] } },
{ "type": "Feature", "properties": { "id_celula": 11085 }, "geometry": { "type": "Polygon", "coordinates": [ [ [ -47.8107751180371, -15.659201578756456 ], [ -47.80611531390133, -15.659261360963256 ], [ -47.806053673871439, -15.654746463739093 ], [ -47.810713375976817, -15.654686699624808 ], [ -47.8107751180371, -15.659201578756456 ] ] ] } },
{ "type": "Feature", "properties": { "id_celula": 11086 }, "geometry": { "type": "Polygon", "coordinates": [ [ [ -47.810713375976817, -15.654686699624808 ], [ -47.806053673871439, -15.654746463739093 ], [ -47.805992053876388, -15.650231564420903 ], [ -47.810651653984522, -15.650171818398357 ], [ -47.810713375976817, -15.654686699624808 ] ] ] } },
{ "type": "Feature", "properties": { "id_celula": 11087 }, "geometry": { "type": "Polygon", "coordinates": [ [ [ -47.810651653984522, -15.650171818398357 ], [ -47.805992053876388, -15.650231564420903 ], [ -47.805930453914108, -15.645716663009221 ], [ -47.81058995205813, -15.645656935077659 ], [ -47.810651653984522, -15.650171818398357 ] ] ] } },
{ "type": "Feature", "properties": { "id_celula": 11088 }, "geometry": { "type": "Polygon", "coordinates": [ [ [ -47.81058995205813, -15.645656935077659 ], [ -47.805930453914108, -15.645716663009221 ], [ -47.805868873982526, -15.641201759504623 ], [ -47.810528270195569, -15.64114204966328 ], [ -47.81058995205813, -15.645656935077659 ] ] ] } },
{ "type": "Feature", "properties": { "id_celula": 11089 }, "geometry": { "type": "Polygon", "coordinates": [ [ [ -47.810528270195569, -15.64114204966328 ], [ -47.805868873982526, -15.641201759504623 ], [ -47.805807314079559, -15.636686853907669 ], [ -47.810466608394769, -15.636627162155785 ], [ -47.810528270195569, -15.64114204966328 ] ] ] } },
{ "type": "Feature", "properties": { "id_celula": 11150 }, "geometry": { "type": "Polygon", "coordinates": [ [ [ -47.809348255035573, -15.894033117095768 ], [ -47.804683079420506, -15.894093740722527 ], [ -47.804620498469752, -15.889578935059841 ], [ -47.809285570324242, -15.889518329535694 ], [ -47.809348255035573, -15.894033117095768 ] ] ] } },
{ "type": "Feature", "properties": { "id_celula": 11201 }, "geometry": { "type": "Polygon", "coordinates": [ [ [ -47.806176973968121, -15.663776256092808 ], [ -47.801517047729845, -15.663835957470928 ], [ -47.80145548972866, -15.659321044278023 ], [ -47.80611531390133, -15.659261360963256 ], [ -47.806176973968121, -15.663776256092808 ] ] ] } },
{ "type": "Feature", "properties": { "id_celula": 11202 }, "geometry": { "type": "Polygon", "coordinates": [ [ [ -47.80611531390133, -15.659261360963256 ], [ -47.80145548972866, -15.659321044278023 ], [ -47.801393951731228, -15.654806128991277 ], [ -47.806053673871439, -15.654746463739093 ], [ -47.80611531390133, -15.659261360963256 ] ] ] } },
{ "type": "Feature", "properties": { "id_celula": 11203 }, "geometry": { "type": "Polygon", "coordinates": [ [ [ -47.806053673871439, -15.654746463739093 ], [ -47.801393951731228, -15.654806128991277 ], [ -47.801332433735496, -15.650291211611256 ], [ -47.805992053876388, -15.650231564420903 ], [ -47.806053673871439, -15.654746463739093 ] ] ] } },
{ "type": "Feature", "properties": { "id_celula": 11204 }, "geometry": { "type": "Polygon", "coordinates": [ [ [ -47.805992053876388, -15.650231564420903 ], [ -47.801332433735496, -15.650291211611256 ], [ -47.801270935739382, -15.645776292138507 ], [ -47.805930453914108, -15.645716663009221 ], [ -47.805992053876388, -15.650231564420903 ] ] ] } },
{ "type": "Feature", "properties": { "id_celula": 11205 }, "geometry": { "type": "Polygon", "coordinates": [ [ [ -47.805930453914108, -15.645716663009221 ], [ -47.801270935739382, -15.645776292138507 ], [ -47.801209457740839, -15.641261370573607 ], [ -47.805868873982526, -15.641201759504623 ], [ -47.805930453914108, -15.645716663009221 ] ] ] } },
{ "type": "Feature", "properties": { "id_celula": 11206 }, "geometry": { "type": "Polygon", "coordinates": [ [ [ -47.805868873982526, -15.641201759504623 ], [ -47.801209457740839, -15.641261370573607 ], [ -47.801147999737793, -15.636746446917117 ], [ -47.805807314079559, -15.636686853907669 ], [ -47.805868873982526, -15.641201759504623 ] ] ] } },
{ "type": "Feature", "properties": { "id_celula": 11285 }, "geometry": { "type": "Polygon", "coordinates": [ [ [ -47.803559697445834, -15.812826914515952 ], [ -47.798896364351229, -15.812887112502418 ], [ -47.798834248225262, -15.80837225066259 ], [ -47.803497478156451, -15.80831207073483 ], [ -47.803559697445834, -15.812826914515952 ] ] ] } },
{ "type": "Feature", "properties": { "id_celula": 11317 }, "geometry": { "type": "Polygon", "coordinates": [ [ [ -47.801578625736852, -15.668350868569432 ], [ -47.796918577391935, -15.668410489057889 ], [ -47.796857101485742, -15.663895559925198 ], [ -47.801517047729845, -15.663835957470928 ], [ -47.801578625736852, -15.668350868569432 ] ] ] } },
{ "type": "Feature", "properties": { "id_celula": 11318 }, "geometry": { "type": "Polygon", "coordinates": [ [ [ -47.801517047729845, -15.663835957470928 ], [ -47.796857101485742, -15.663895559925198 ], [ -47.79679564555223, -15.659380628698857 ], [ -47.80145548972866, -15.659321044278023 ], [ -47.801517047729845, -15.663835957470928 ] ] ] } },
{ "type": "Feature", "properties": { "id_celula": 11319 }, "geometry": { "type": "Polygon", "coordinates": [ [ [ -47.80145548972866, -15.659321044278023 ], [ -47.79679564555223, -15.659380628698857 ], [ -47.796734209589324, -15.654865695379435 ], [ -47.801393951731228, -15.654806128991277 ], [ -47.80145548972866, -15.659321044278023 ] ] ] } },
{ "type": "Feature", "properties": { "id_celula": 11320 }, "geometry": { "type": "Polygon", "coordinates": [ [ [ -47.801393951731228, -15.654806128991277 ], [ -47.796734209589324, -15.654865695379435 ], [ -47.796672793594972, -15.650350759967505 ], [ -47.801332433735496, -15.650291211611256 ], [ -47.801393951731228, -15.654806128991277 ] ] ] } },
{ "type": "Feature", "properties": { "id_celula": 11321 }, "geometry": { "type": "Polygon", "coordinates": [ [ [ -47.801332433735496, -15.650291211611256 ], [ -47.796672793594972, -15.650350759967505 ], [ -47.796611397567105, -15.645835822463612 ], [ -47.801270935739382, -15.645776292138507 ], [ -47.801332433735496, -15.650291211611256 ] ] ] } },
{ "type": "Feature", "properties": { "id_celula": 11322 }, "geometry": { "type": "Polygon", "coordinates": [ [ [ -47.801270935739382, -15.645776292138507 ], [ -47.796611397567105, -15.645835822463612 ], [ -47.796550021503663, -15.641320882868321 ], [ -47.801209457740839, -15.641261370573607 ], [ -47.801270935739382, -15.645776292138507 ] ] ] } },
{ "type": "Feature", "properties": { "id_celula": 11436 }, "geometry": { "type": "Polygon", "coordinates": [ [ [ -47.79679564555223, -15.659380628698857 ], [ -47.792135781405186, -15.659440114223834 ], [ -47.792074447478875, -15.654925162901664 ], [ -47.796734209589324, -15.654865695379435 ], [ -47.79679564555223, -15.659380628698857 ] ] ] } },
{ "type": "Feature", "properties": { "id_celula": 11437 }, "geometry": { "type": "Polygon", "coordinates": [ [ [ -47.796734209589324, -15.654865695379435 ], [ -47.792074447478875, -15.654925162901664 ], [ -47.792013133487956, -15.650410209487735 ], [ -47.796672793594972, -15.650350759967505 ], [ -47.796734209589324, -15.654865695379435 ] ] ] } },
{ "type": "Feature", "properties": { "id_celula": 11438 }, "geometry": { "type": "Polygon", "coordinates": [ [ [ -47.796672793594972, -15.650350759967505 ], [ -47.792013133487956, -15.650410209487735 ], [ -47.791951839430389, -15.64589525398261 ], [ -47.796611397567105, -15.645835822463612 ], [ -47.796672793594972, -15.650350759967505 ] ] ] } },
{ "type": "Feature", "properties": { "id_celula": 11528 }, "geometry": { "type": "Polygon", "coordinates": [ [ [ -47.793675614607039, -15.77231321581511 ], [ -47.789013168774488, -15.772373052010449 ], [ -47.788951438660106, -15.767858135172721 ], [ -47.793613781624295, -15.767798316969261 ], [ -47.793675614607039, -15.77231321581511 ] ] ] } },
{ "type": "Feature", "properties": { "id_celula": 11529 }, "geometry": { "type": "Polygon", "coordinates": [ [ [ -47.793613781624295, -15.767798316969261 ], [ -47.788951438660106, -15.767858135172721 ], [ -47.788889728499619, -15.763343216229972 ], [ -47.79355196862867, -15.763283416017638 ], [ -47.793613781624295, -15.767798316969261 ] ] ] } },
{ "type": "Feature", "properties": { "id_celula": 11553 }, "geometry": { "type": "Polygon", "coordinates": [ [ [ -47.792135781405186, -15.659440114223834 ], [ -47.787475897320682, -15.659499500851044 ], [ -47.787414665433005, -15.654984531556041 ], [ -47.792074447478875, -15.654925162901664 ], [ -47.792135781405186, -15.659440114223834 ] ] ] } },
{ "type": "Feature", "properties": { "id_celula": 11554 }, "geometry": { "type": "Polygon", "coordinates": [ [ [ -47.792074447478875, -15.654925162901664 ], [ -47.787414665433005, -15.654984531556041 ], [ -47.787353453447601, -15.650469560170047 ], [ -47.792013133487956, -15.650410209487735 ], [ -47.792074447478875, -15.654925162901664 ] ] ] } },
{ "type": "Feature", "properties": { "id_celula": 11556 }, "geometry": { "type": "Polygon", "coordinates": [ [ [ -47.791951839430389, -15.64589525398261 ], [ -47.787292261362396, -15.645954586693605 ], [ -47.787231089175343, -15.641439611127291 ], [ -47.791890565304115, -15.641380296386851 ], [ -47.791951839430389, -15.64589525398261 ] ] ] } },
{ "type": "Feature", "properties": { "id_celula": 11616 }, "geometry": { "type": "Polygon", "coordinates": [ [ [ -47.790812031386849, -15.903304722104718 ], [ -47.786146567884728, -15.903364979881555 ], [ -47.786084362037236, -15.898850106348698 ], [ -47.790749721703726, -15.898789866556069 ], [ -47.790812031386849, -15.903304722104718 ] ] ] } },
{ "type": "Feature", "properties": { "id_celula": 11617 }, "geometry": { "type": "Polygon", "coordinates": [ [ [ -47.790749721703726, -15.898789866556069 ], [ -47.786084362037236, -15.898850106348698 ], [ -47.78602217617081, -15.894335230695361 ], [ -47.790687432035, -15.894275008886167 ], [ -47.790749721703726, -15.898789866556069 ] ] ] } },
{ "type": "Feature", "properties": { "id_celula": 11645 }, "geometry": { "type": "Polygon", "coordinates": [ [ [ -47.789013168774488, -15.772373052010449 ], [ -47.784350702985968, -15.772432788557687 ], [ -47.784289075742031, -15.76791785375802 ], [ -47.788951438660106, -15.767858135172721 ], [ -47.789013168774488, -15.772373052010449 ] ] ] } },
{ "type": "Feature", "properties": { "id_celula": 11646 }, "geometry": { "type": "Polygon", "coordinates": [ [ [ -47.788951438660106, -15.767858135172721 ], [ -47.784289075742031, -15.76791785375802 ], [ -47.784227468418749, -15.763402916854103 ], [ -47.788889728499619, -15.763343216229972 ], [ -47.788951438660106, -15.767858135172721 ] ] ] } },
{ "type": "Feature", "properties": { "id_celula": 11672 }, "geometry": { "type": "Polygon", "coordinates": [ [ [ -47.787353453447601, -15.650469560170047 ], [ -47.782693753507033, -15.650528812012528 ], [ -47.782632663396242, -15.646013820594689 ], [ -47.787292261362396, -15.645954586693605 ], [ -47.787353453447601, -15.650469560170047 ] ] ] } },
{ "type": "Feature", "properties": { "id_celula": 11681 }, "geometry": { "type": "Polygon", "coordinates": [ [ [ -47.786803440841837, -15.609834723693655 ], [ -47.782144657478298, -15.609893814090807 ], [ -47.782083746078897, -15.605378803891085 ], [ -47.786742427766136, -15.605319731428526 ], [ -47.786803440841837, -15.609834723693655 ] ] ] } },
{ "type": "Feature", "properties": { "id_celula": 11732 }, "geometry": { "type": "Polygon", "coordinates": [ [ [ -47.786208793715367, -15.907879851293368 ], [ -47.781543206359039, -15.907940026505972 ], [ -47.781481084399459, -15.903425137139173 ], [ -47.786146567884728, -15.903364979881555 ], [ -47.786208793715367, -15.907879851293368 ] ] ] } },
{ "type": "Feature", "properties": { "id_celula": 11733 }, "geometry": { "type": "Polygon", "coordinates": [ [ [ -47.786146567884728, -15.903364979881555 ], [ -47.781481084399459, -15.903425137139173 ], [ -47.781418982389688, -15.898910245652097 ], [ -47.786084362037236, -15.898850106348698 ], [ -47.786146567884728, -15.903364979881555 ] ] ] } },
{ "type": "Feature", "properties": { "id_celula": 11734 }, "geometry": { "type": "Polygon", "coordinates": [ [ [ -47.786084362037236, -15.898850106348698 ], [ -47.781418982389688, -15.898910245652097 ], [ -47.781356900327651, -15.894395352045319 ], [ -47.78602217617081, -15.894335230695361 ], [ -47.786084362037236, -15.898850106348698 ] ] ] } },
{ "type": "Feature", "properties": { "id_celula": 11735 }, "geometry": { "type": "Polygon", "coordinates": [ [ [ -47.78602217617081, -15.894335230695361 ], [ -47.781356900327651, -15.894395352045319 ], [ -47.781294838211252, -15.889880456319391 ], [ -47.78596001028334, -15.88982035292211 ], [ -47.78602217617081, -15.894335230695361 ] ] ] } },
{ "type": "Feature", "properties": { "id_celula": 11760 }, "geometry": { "type": "Polygon", "coordinates": [ [ [ -47.784474017244122, -15.781462651842004 ], [ -47.779811325688136, -15.781522324605463 ], [ -47.779749761535648, -15.777007376082484 ], [ -47.784412350152643, -15.776947721252531 ], [ -47.784474017244122, -15.781462651842004 ] ] ] } },
{ "type": "Feature", "properties": { "id_celula": 11761 }, "geometry": { "type": "Polygon", "coordinates": [ [ [ -47.784412350152643, -15.776947721252531 ], [ -47.779749761535648, -15.777007376082484 ], [ -47.779688217274717, -15.772492425454898 ], [ -47.784350702985968, -15.772432788557687 ], [ -47.784412350152643, -15.776947721252531 ] ] ] } },
{ "type": "Feature", "properties": { "id_celula": 11762 }, "geometry": { "type": "Polygon", "coordinates": [ [ [ -47.784350702985968, -15.772432788557687 ], [ -47.779688217274717, -15.772492425454898 ], [ -47.779626692903292, -15.767977472723253 ], [ -47.784289075742031, -15.76791785375802 ], [ -47.784350702985968, -15.772432788557687 ] ] ] } },
{ "type": "Feature", "properties": { "id_celula": 11763 }, "geometry": { "type": "Polygon", "coordinates": [ [ [ -47.784289075742031, -15.76791785375802 ], [ -47.779626692903292, -15.767977472723253 ], [ -47.779565188419291, -15.763462517888119 ], [ -47.784227468418749, -15.763402916854103 ], [ -47.784289075742031, -15.76791785375802 ] ] ] } },
{ "type": "Feature", "properties": { "id_celula": 11764 }, "geometry": { "type": "Polygon", "coordinates": [ [ [ -47.784227468418749, -15.763402916854103 ], [ -47.779565188419291, -15.763462517888119 ], [ -47.779503703820659, -15.758947560950059 ], [ -47.784165881014061, -15.758887977846497 ], [ -47.784227468418749, -15.763402916854103 ] ] ] } },
{ "type": "Feature", "properties": { "id_celula": 11789 }, "geometry": { "type": "Polygon", "coordinates": [ [ [ -47.782693753507033, -15.650528812012528 ], [ -47.778034033699399, -15.650587965013274 ], [ -47.777973045565076, -15.646072955683964 ], [ -47.782632663396242, -15.646013820594689 ], [ -47.782693753507033, -15.650528812012528 ] ] ] } },
{ "type": "Feature", "properties": { "id_celula": 11790 }, "geometry": { "type": "Polygon", "coordinates": [ [ [ -47.782632663396242, -15.646013820594689 ], [ -47.777973045565076, -15.646072955683964 ], [ -47.777912077262627, -15.641557944266287 ], [ -47.782571593150465, -15.641498827087737 ], [ -47.782632663396242, -15.646013820594689 ] ] ] } },
{ "type": "Feature", "properties": { "id_celula": 11849 }, "geometry": { "type": "Polygon", "coordinates": [ [ [ -47.781543206359039, -15.907940026505972 ], [ -47.776877599050792, -15.908000101167431 ], [ -47.77681558096436, -15.903485193875632 ], [ -47.781481084399459, -15.903425137139173 ], [ -47.781543206359039, -15.907940026505972 ] ] ] } },
{ "type": "Feature", "properties": { "id_celula": 11850 }, "geometry": { "type": "Polygon", "coordinates": [ [ [ -47.781481084399459, -15.903425137139173 ], [ -47.77681558096436, -15.903485193875632 ], [ -47.776753582794413, -15.898970284464337 ], [ -47.781418982389688, -15.898910245652097 ], [ -47.781481084399459, -15.903425137139173 ] ] ] } },
{ "type": "Feature", "properties": { "id_celula": 11851 }, "geometry": { "type": "Polygon", "coordinates": [ [ [ -47.781418982389688, -15.898910245652097 ], [ -47.776753582794413, -15.898970284464337 ], [ -47.776691604538854, -15.8944553729341 ], [ -47.781356900327651, -15.894395352045319 ], [ -47.781418982389688, -15.898910245652097 ] ] ] } },
{ "type": "Feature", "properties": { "id_celula": 11876 }, "geometry": { "type": "Polygon", "coordinates": [ [ [ -47.779872909734266, -15.786037271023279 ], [ -47.775210095310349, -15.786096861979191 ], [ -47.775148614238525, -15.78158189765707 ], [ -47.779811325688136, -15.781522324605463 ], [ -47.779872909734266, -15.786037271023279 ] ] ] } },
{ "type": "Feature", "properties": { "id_celula": 11877 }, "geometry": { "type": "Polygon", "coordinates": [ [ [ -47.779811325688136, -15.781522324605463 ], [ -47.775148614238525, -15.78158189765707 ], [ -47.77508715302708, -15.777066931230538 ], [ -47.779749761535648, -15.777007376082484 ], [ -47.779811325688136, -15.781522324605463 ] ] ] } },
{ "type": "Feature", "properties": { "id_celula": 11878 }, "geometry": { "type": "Polygon", "coordinates": [ [ [ -47.779749761535648, -15.777007376082484 ], [ -47.77508715302708, -15.777066931230538 ], [ -47.775025711673976, -15.77255196270016 ], [ -47.779688217274717, -15.772492425454898 ], [ -47.779749761535648, -15.777007376082484 ] ] ] } },
{ "type": "Feature", "properties": { "id_celula": 11879 }, "geometry": { "type": "Polygon", "coordinates": [ [ [ -47.779688217274717, -15.772492425454898 ], [ -47.775025711673976, -15.77255196270016 ], [ -47.774964290177124, -15.768036992066492 ], [ -47.779626692903292, -15.767977472723253 ], [ -47.779688217274717, -15.772492425454898 ] ] ] } },
{ "type": "Feature", "properties": { "id_celula": 11880 }, "geometry": { "type": "Polygon", "coordinates": [ [ [ -47.779626692903292, -15.767977472723253 ], [ -47.774964290177124, -15.768036992066492 ], [ -47.774902888534477, -15.763522019330095 ], [ -47.779565188419291, -15.763462517888119 ], [ -47.779626692903292, -15.767977472723253 ] ] ] } },
{ "type": "Feature", "properties": { "id_celula": 11881 }, "geometry": { "type": "Polygon", "coordinates": [ [ [ -47.779565188419291, -15.763462517888119 ], [ -47.774902888534477, -15.763522019330095 ], [ -47.774841506743961, -15.759007044491534 ], [ -47.779503703820659, -15.758947560950059 ], [ -47.779565188419291, -15.763462517888119 ] ] ] } },
{ "type": "Feature", "properties": { "id_celula": 11882 }, "geometry": { "type": "Polygon", "coordinates": [ [ [ -47.779503703820659, -15.758947560950059 ], [ -47.774841506743961, -15.759007044491534 ], [ -47.774780144803508, -15.754492067551354 ], [ -47.779442239105308, -15.75443260190962 ], [ -47.779503703820659, -15.758947560950059 ] ] ] } },
{ "type": "Feature", "properties": { "id_celula": 11883 }, "geometry": { "type": "Polygon", "coordinates": [ [ [ -47.779442239105308, -15.75443260190962 ], [ -47.774780144803508, -15.754492067551354 ], [ -47.774718802711064, -15.749977088510128 ], [ -47.779380794271198, -15.74991764076737 ], [ -47.779442239105308, -15.75443260190962 ] ] ] } },
{ "type": "Feature", "properties": { "id_celula": 11884 }, "geometry": { "type": "Polygon", "coordinates": [ [ [ -47.779380794271198, -15.74991764076737 ], [ -47.774718802711064, -15.749977088510128 ], [ -47.774657480464562, -15.745462107368413 ], [ -47.779319369316241, -15.745402677523879 ], [ -47.779380794271198, -15.74991764076737 ] ] ] } },
{ "type": "Feature", "properties": { "id_celula": 11902 }, "geometry": { "type": "Polygon", "coordinates": [ [ [ -47.77827818459641, -15.668647981435649 ], [ -47.773618036709337, -15.668707107126544 ], [ -47.773557071338139, -15.664192088271726 ], [ -47.778217117114103, -15.664132980465407 ], [ -47.77827818459641, -15.668647981435649 ] ] ] } },
{ "type": "Feature", "properties": { "id_celula": 11906 }, "geometry": { "type": "Polygon", "coordinates": [ [ [ -47.778034033699399, -15.650587965013274 ], [ -47.773374294057845, -15.650647019170393 ], [ -47.773313407902037, -15.646131991959527 ], [ -47.777973045565076, -15.646072955683964 ], [ -47.778034033699399, -15.650587965013274 ] ] ] } },
{ "type": "Feature", "properties": { "id_celula": 11907 }, "geometry": { "type": "Polygon", "coordinates": [ [ [ -47.777973045565076, -15.646072955683964 ], [ -47.773313407902037, -15.646131991959527 ], [ -47.773252541544956, -15.641616962661043 ], [ -47.777912077262627, -15.641557944266287 ], [ -47.777973045565076, -15.646072955683964 ] ] ] } },
{ "type": "Feature", "properties": { "id_celula": 11966 }, "geometry": { "type": "Polygon", "coordinates": [ [ [ -47.776877599050792, -15.908000101167431 ], [ -47.772211971823971, -15.908060075275817 ], [ -47.772150057612784, -15.903545150089014 ], [ -47.77681558096436, -15.903485193875632 ], [ -47.776877599050792, -15.908000101167431 ] ] ] } },
{ "type": "Feature", "properties": { "id_celula": 11967 }, "geometry": { "type": "Polygon", "coordinates": [ [ [ -47.77681558096436, -15.903485193875632 ], [ -47.772150057612784, -15.903545150089014 ], [ -47.772088163284742, -15.899030222783484 ], [ -47.776753582794413, -15.898970284464337 ], [ -47.77681558096436, -15.903485193875632 ] ] ] } },
{ "type": "Feature", "properties": { "id_celula": 11968 }, "geometry": { "type": "Polygon", "coordinates": [ [ [ -47.776753582794413, -15.898970284464337 ], [ -47.772088163284742, -15.899030222783484 ], [ -47.77202628883775, -15.894515293359779 ], [ -47.776691604538854, -15.8944553729341 ], [ -47.776753582794413, -15.898970284464337 ] ] ] } },
{ "type": "Feature", "properties": { "id_celula": 11999 }, "geometry": { "type": "Polygon", "coordinates": [ [ [ -47.774841506743961, -15.759007044491534 ], [ -47.770179289817193, -15.759066428469017 ], [ -47.770118030653698, -15.754551433659044 ], [ -47.774780144803508, -15.754492067551354 ], [ -47.774841506743961, -15.759007044491534 ] ] ] } },
{ "type": "Feature", "properties": { "id_celula": 12000 }, "geometry": { "type": "Polygon", "coordinates": [ [ [ -47.774780144803508, -15.754492067551354 ], [ -47.770118030653698, -15.754551433659044 ], [ -47.770056791304988, -15.750036436748788 ], [ -47.774718802711064, -15.749977088510128 ], [ -47.774780144803508, -15.754492067551354 ] ] ] } },
{ "type": "Feature", "properties": { "id_celula": 12001 }, "geometry": { "type": "Polygon", "coordinates": [ [ [ -47.774718802711064, -15.749977088510128 ], [ -47.770056791304988, -15.750036436748788 ], [ -47.769995571769002, -15.745521437738805 ], [ -47.774657480464562, -15.745462107368413 ], [ -47.774718802711064, -15.749977088510128 ] ] ] } },
{ "type": "Feature", "properties": { "id_celula": 12002 }, "geometry": { "type": "Polygon", "coordinates": [ [ [ -47.774657480464562, -15.745462107368413 ], [ -47.769995571769002, -15.745521437738805 ], [ -47.769934372043686, -15.741006436629643 ], [ -47.774596178061948, -15.740947124126768 ], [ -47.774657480464562, -15.745462107368413 ] ] ] } },
{ "type": "Feature", "properties": { "id_celula": 12023 }, "geometry": { "type": "Polygon", "coordinates": [ [ [ -47.773374294057845, -15.650647019170393 ], [ -47.768714534615512, -15.650705974481982 ], [ -47.768653750440258, -15.646190929419477 ], [ -47.773313407902037, -15.646131991959527 ], [ -47.773374294057845, -15.650647019170393 ] ] ] } },
{ "type": "Feature", "properties": { "id_celula": 12024 }, "geometry": { "type": "Polygon", "coordinates": [ [ [ -47.773313407902037, -15.646131991959527 ], [ -47.768653750440258, -15.646190929419477 ], [ -47.768592986030598, -15.641675882270118 ], [ -47.773252541544956, -15.641616962661043 ], [ -47.773313407902037, -15.646131991959527 ] ] ] } },
{ "type": "Feature", "properties": { "id_celula": 12083 }, "geometry": { "type": "Polygon", "coordinates": [ [ [ -47.772211971823971, -15.908060075275817 ], [ -47.76754632471193, -15.908119948829194 ], [ -47.767484514378062, -15.903605005777381 ], [ -47.772150057612784, -15.903545150089014 ], [ -47.772211971823971, -15.908060075275817 ] ] ] } },
{ "type": "Feature", "properties": { "id_celula": 12084 }, "geometry": { "type": "Polygon", "coordinates": [ [ [ -47.772150057612784, -15.903545150089014 ], [ -47.767484514378062, -15.903605005777381 ], [ -47.767422723894001, -15.899090060607609 ], [ -47.772088163284742, -15.899030222783484 ], [ -47.772150057612784, -15.903545150089014 ] ] ] } },
{ "type": "Feature", "properties": { "id_celula": 12117 }, "geometry": { "type": "Polygon", "coordinates": [ [ [ -47.770118030653698, -15.754551433659044 ], [ -47.765455896689105, -15.754610700230785 ], [ -47.765394760086188, -15.750095685481446 ], [ -47.770056791304988, -15.750036436748788 ], [ -47.770118030653698, -15.754551433659044 ] ] ] } },
{ "type": "Feature", "properties": { "id_celula": 12118 }, "geometry": { "type": "Polygon", "coordinates": [ [ [ -47.770056791304988, -15.750036436748788 ], [ -47.765394760086188, -15.750095685481446 ], [ -47.765333643262778, -15.745580668633142 ], [ -47.769995571769002, -15.745521437738805 ], [ -47.770056791304988, -15.750036436748788 ] ] ] } },
{ "type": "Feature", "properties": { "id_celula": 12119 }, "geometry": { "type": "Polygon", "coordinates": [ [ [ -47.769995571769002, -15.745521437738805 ], [ -47.765333643262778, -15.745580668633142 ], [ -47.765272546216814, -15.741065649686412 ], [ -47.769934372043686, -15.741006436629643 ], [ -47.769995571769002, -15.745521437738805 ] ] ] } },
{ "type": "Feature", "properties": { "id_celula": 12141 }, "geometry": { "type": "Polygon", "coordinates": [ [ [ -47.768653750440258, -15.646190929419477 ], [ -47.763994073212892, -15.646249768061933 ], [ -47.763933410752685, -15.641734703091611 ], [ -47.768592986030598, -15.641675882270118 ], [ -47.768653750440258, -15.646190929419477 ] ] ] } },
{ "type": "Feature", "properties": { "id_celula": 12145 }, "geometry": { "type": "Polygon", "coordinates": [ [ [ -47.768410811374785, -15.628130728306497 ], [ -47.76375154174643, -15.628189495669609 ], [ -47.763690958195674, -15.623674422360468 ], [ -47.768350126007107, -15.623615672815315 ], [ -47.768410811374785, -15.628130728306497 ] ] ] } },
{ "type": "Feature", "properties": { "id_celula": 12195 }, "geometry": { "type": "Polygon", "coordinates": [ [ [ -47.767855674201279, -15.93069463229928 ], [ -47.763189487340114, -15.930754494482299 ], [ -47.763127681772119, -15.926239544189821 ], [ -47.767793764587132, -15.926179699845649 ], [ -47.767855674201279, -15.93069463229928 ] ] ] } },
{ "type": "Feature", "properties": { "id_celula": 12198 }, "geometry": { "type": "Polygon", "coordinates": [ [ [ -47.767670004937422, -15.917149828576699 ], [ -47.763004130114645, -15.917209637245476 ], [ -47.762942384021002, -15.912694680594711 ], [ -47.767608154897687, -15.912634889762485 ], [ -47.767670004937422, -15.917149828576699 ] ] ] } },
{ "type": "Feature", "properties": { "id_celula": 12200 }, "geometry": { "type": "Polygon", "coordinates": [ [ [ -47.76754632471193, -15.908119948829194 ], [ -47.762880657747992, -15.908179721825645 ], [ -47.762818951293525, -15.903664760938819 ], [ -47.767484514378062, -15.903605005777381 ], [ -47.76754632471193, -15.908119948829194 ] ] ] } },
{ "type": "Feature", "properties": { "id_celula": 12201 }, "geometry": { "type": "Polygon", "coordinates": [ [ [ -47.767484514378062, -15.903605005777381 ], [ -47.762818951293525, -15.903664760938819 ], [ -47.762757264655534, -15.899149797934795 ], [ -47.767422723894001, -15.899090060607609 ], [ -47.767484514378062, -15.903605005777381 ] ] ] } },
{ "type": "Feature", "properties": { "id_celula": 12234 }, "geometry": { "type": "Polygon", "coordinates": [ [ [ -47.765455896689105, -15.754610700230785 ], [ -47.760793742942958, -15.754669867264676 ], [ -47.760732709087883, -15.750154834706207 ], [ -47.765394760086188, -15.750095685481446 ], [ -47.765455896689105, -15.754610700230785 ] ] ] } },
{ "type": "Feature", "properties": { "id_celula": 12235 }, "geometry": { "type": "Polygon", "coordinates": [ [ [ -47.765394760086188, -15.750095685481446 ], [ -47.760732709087883, -15.750154834706207 ], [ -47.760671694979095, -15.745639800049524 ], [ -47.765333643262778, -15.745580668633142 ], [ -47.765394760086188, -15.750095685481446 ] ] ] } },
{ "type": "Feature", "properties": { "id_celula": 12236 }, "geometry": { "type": "Polygon", "coordinates": [ [ [ -47.765333643262778, -15.745580668633142 ], [ -47.760671694979095, -15.745639800049524 ], [ -47.760610700614542, -15.741124763295176 ], [ -47.765272546216814, -15.741065649686412 ], [ -47.765333643262778, -15.745580668633142 ] ] ] } },
{ "type": "Feature", "properties": { "id_celula": 12256 }, "geometry": { "type": "Polygon", "coordinates": [ [ [ -47.764115457332693, -15.655279891743701 ], [ -47.759455556370462, -15.655338667151105 ], [ -47.759394956461094, -15.650823588561009 ], [ -47.764054755405546, -15.650764830946152 ], [ -47.764115457332693, -15.655279891743701 ] ] ] } },
{ "type": "Feature", "properties": { "id_celula": 12258 }, "geometry": { "type": "Polygon", "coordinates": [ [ [ -47.763994073212892, -15.646249768061933 ], [ -47.759334376253072, -15.646308507885001 ], [ -47.759273815744358, -15.641793425123636 ], [ -47.763933410752685, -15.641734703091611 ], [ -47.763994073212892, -15.646249768061933 ] ] ] } },
{ "type": "Feature", "properties": { "id_celula": 12316 }, "geometry": { "type": "Polygon", "coordinates": [ [ [ -47.762942384021002, -15.912694680594711 ], [ -47.758276593323693, -15.912754370838094 ], [ -47.758214970965511, -15.908239394263243 ], [ -47.762880657747992, -15.908179721825645 ], [ -47.762942384021002, -15.912694680594711 ] ] ] } },
{ "type": "Feature", "properties": { "id_celula": 12317 }, "geometry": { "type": "Polygon", "coordinates": [ [ [ -47.762880657747992, -15.908179721825645 ], [ -47.758214970965511, -15.908239394263243 ], [ -47.758153368392527, -15.903724415571391 ], [ -47.762818951293525, -15.903664760938819 ], [ -47.762880657747992, -15.908179721825645 ] ] ] } },
{ "type": "Feature", "properties": { "id_celula": 12319 }, "geometry": { "type": "Polygon", "coordinates": [ [ [ -47.762757264655534, -15.899149797934795 ], [ -47.75809178560268, -15.89920943476311 ], [ -47.758030222593888, -15.894694451838951 ], [ -47.762695597831936, -15.894634832814134 ], [ -47.762757264655534, -15.899149797934795 ] ] ] } },
{ "type": "Feature", "properties": { "id_celula": 12331 }, "geometry": { "type": "Polygon", "coordinates": [ [ [ -47.762018569929062, -15.844970076948176 ], [ -47.75735433445476, -15.845029500184946 ], [ -47.757293008657214, -15.840514491913776 ], [ -47.761957140716454, -15.840455086471351 ], [ -47.762018569929062, -15.844970076948176 ] ] ] } },
{ "type": "Feature", "properties": { "id_celula": 12353 }, "geometry": { "type": "Polygon", "coordinates": [ [ [ -47.760671694979095, -15.745639800049524 ], [ -47.756009726951184, -15.745698831986047 ], [ -47.755948835270097, -15.741183777454035 ], [ -47.760610700614542, -15.741124763295176 ], [ -47.760671694979095, -15.745639800049524 ] ] ] } },
{ "type": "Feature", "properties": { "id_celula": 12373 }, "geometry": { "type": "Polygon", "coordinates": [ [ [ -47.759455556370462, -15.655338667151105 ], [ -47.754795635704838, -15.655397343677382 ], [ -47.754735137815295, -15.650882247324672 ], [ -47.759394956461094, -15.650823588561009 ], [ -47.759455556370462, -15.655338667151105 ] ] ] } },
{ "type": "Feature", "properties": { "id_celula": 12374 }, "geometry": { "type": "Polygon", "coordinates": [ [ [ -47.759394956461094, -15.650823588561009 ], [ -47.754735137815295, -15.650882247324672 ], [ -47.754674659593938, -15.646367148886789 ], [ -47.759334376253072, -15.646308507885001 ], [ -47.759394956461094, -15.650823588561009 ] ] ] } },
{ "type": "Feature", "properties": { "id_celula": 12375 }, "geometry": { "type": "Polygon", "coordinates": [ [ [ -47.759334376253072, -15.646308507885001 ], [ -47.754674659593938, -15.646367148886789 ], [ -47.754614201038756, -15.641852048364301 ], [ -47.759273815744358, -15.641793425123636 ], [ -47.759334376253072, -15.646308507885001 ] ] ] } },
{ "type": "Feature", "properties": { "id_celula": 12432 }, "geometry": { "type": "Polygon", "coordinates": [ [ [ -47.758338235469161, -15.917269345295407 ], [ -47.753672321034315, -15.917328952724576 ], [ -47.753610782839097, -15.912813960490711 ], [ -47.758276593323693, -15.912754370838094 ], [ -47.758338235469161, -15.917269345295407 ] ] ] } },
{ "type": "Feature", "properties": { "id_celula": 12433 }, "geometry": { "type": "Polygon", "coordinates": [ [ [ -47.758276593323693, -15.912754370838094 ], [ -47.753610782839097, -15.912813960490711 ], [ -47.753549264397812, -15.908298966140066 ], [ -47.758214970965511, -15.908239394263243 ], [ -47.758276593323693, -15.912754370838094 ] ] ] } },
{ "type": "Feature", "properties": { "id_celula": 12471 }, "geometry": { "type": "Polygon", "coordinates": [ [ [ -47.755948835270097, -15.741183777454035 ], [ -47.751286950216674, -15.741242692161093 ], [ -47.751226180896843, -15.736727617785771 ], [ -47.755887963297972, -15.736668720825675 ], [ -47.755948835270097, -15.741183777454035 ] ] ] } },
{ "type": "Feature", "properties": { "id_celula": 12472 }, "geometry": { "type": "Polygon", "coordinates": [ [ [ -47.755887963297972, -15.736668720825675 ], [ -47.751226180896843, -15.736727617785771 ], [ -47.751165431250719, -15.732212541315414 ], [ -47.755827111032772, -15.732153662101535 ], [ -47.755887963297972, -15.736668720825675 ] ] ] } },
{ "type": "Feature", "properties": { "id_celula": 12488 }, "geometry": { "type": "Polygon", "coordinates": [ [ [ -47.754916690496671, -15.66442753012509 ], [ -47.750256546017674, -15.664486143236012 ], [ -47.750196110873787, -15.659971033321103 ], [ -47.754856153264626, -15.659912437944381 ], [ -47.754916690496671, -15.66442753012509 ] ] ] } },
{ "type": "Feature", "properties": { "id_celula": 12550 }, "geometry": { "type": "Polygon", "coordinates": [ [ [ -47.753610782839097, -15.912813960490711 ], [ -47.748944952600574, -15.912873449550643 ], [ -47.74888353807826, -15.908358437454204 ], [ -47.753549264397812, -15.908298966140066 ], [ -47.753610782839097, -15.912813960490711 ] ] ] } },
{ "type": "Feature", "properties": { "id_celula": 12551 }, "geometry": { "type": "Polygon", "coordinates": [ [ [ -47.753549264397812, -15.908298966140066 ], [ -47.74888353807826, -15.908358437454204 ], [ -47.748822143274474, -15.9038434232423 ], [ -47.7534877657084, -15.903783969673192 ], [ -47.753549264397812, -15.908298966140066 ] ] ] } },
{ "type": "Feature", "properties": { "id_celula": 12560 }, "geometry": { "type": "Polygon", "coordinates": [ [ [ -47.752996487011742, -15.867663921820915 ], [ -47.748331694462877, -15.867723233457186 ], [ -47.748270477032811, -15.863208200231165 ], [ -47.752935165995986, -15.863148906333073 ], [ -47.752996487011742, -15.867663921820915 ] ] ] } },
{ "type": "Feature", "properties": { "id_celula": 12576 }, "geometry": { "type": "Polygon", "coordinates": [ [ [ -47.752017717348316, -15.795423421049239 ], [ -47.747354578175297, -15.79548244896557 ], [ -47.747293675664558, -15.790967382048118 ], [ -47.751956711784423, -15.790908371857849 ], [ -47.752017717348316, -15.795423421049239 ] ] ] } },
{ "type": "Feature", "properties": { "id_celula": 12586 }, "geometry": { "type": "Polygon", "coordinates": [ [ [ -47.751408547885646, -15.750272834624411 ], [ -47.746746437748151, -15.750331685314064 ], [ -47.746685731795537, -15.745816597411961 ], [ -47.751347739212257, -15.745757764440828 ], [ -47.751408547885646, -15.750272834624411 ] ] ] } },
{ "type": "Feature", "properties": { "id_celula": 12604 }, "geometry": { "type": "Polygon", "coordinates": [ [ [ -47.750317000802703, -15.669001251064818 ], [ -47.745656734559233, -15.669059782936014 ], [ -47.745596381897542, -15.664544657402189 ], [ -47.750256546017674, -15.664486143236012 ], [ -47.750317000802703, -15.669001251064818 ] ] ] } },
{ "type": "Feature", "properties": { "id_celula": 12605 }, "geometry": { "type": "Polygon", "coordinates": [ [ [ -47.750256546017674, -15.664486143236012 ], [ -47.745596381897542, -15.664544657402189 ], [ -47.745536048843839, -15.660029529783014 ], [ -47.750196110873787, -15.659971033321103 ], [ -47.750256546017674, -15.664486143236012 ] ] ] } },
{ "type": "Feature", "properties": { "id_celula": 12677 }, "geometry": { "type": "Polygon", "coordinates": [ [ [ -47.748331694462877, -15.867723233457186 ], [ -47.743666882214086, -15.867782444798779 ], [ -47.743605768371765, -15.863267393864563 ], [ -47.748270477032811, -15.863208200231165 ], [ -47.748331694462877, -15.867723233457186 ] ] ] } },
{ "type": "Feature", "properties": { "id_celula": 13018 }, "geometry": { "type": "Polygon", "coordinates": [ [ [ -47.734947343694863, -15.913051313155222 ], [ -47.730281434774085, -15.913110399825319 ], [ -47.730220435948311, -15.908595317045693 ], [ -47.734886240941869, -15.908536248001392 ], [ -47.734947343694863, -15.913051313155222 ] ] ] } },
{ "type": "Feature", "properties": { "id_celula": 13315 }, "geometry": { "type": "Polygon", "coordinates": [ [ [ -47.721817231472791, -15.628713960225127 ], [ -47.7171577660922, -15.628771740506723 ], [ -47.717098200821972, -15.624256490663454 ], [ -47.721757564365454, -15.624198727900632 ], [ -47.721817231472791, -15.628713960225127 ] ] ] } },
{ "type": "Feature", "properties": { "id_celula": 14020 }, "geometry": { "type": "Polygon", "coordinates": [ [ [ -47.69368303846678, -15.615513143920607 ], [ -47.689023762673052, -15.615570279848518 ], [ -47.688964866037949, -15.611054919308231 ], [ -47.693624040082021, -15.610997800717364 ], [ -47.69368303846678, -15.615513143920607 ] ] ] } },
{ "type": "Feature", "properties": { "id_celula": 14022 }, "geometry": { "type": "Polygon", "coordinates": [ [ [ -47.69356506091664, -15.60648245544359 ], [ -47.688905988589092, -15.606539556698142 ], [ -47.688847130324504, -15.602024192018813 ], [ -47.693506100968648, -15.601967108099844 ], [ -47.69356506091664, -15.60648245544359 ] ] ] } },
{ "type": "Feature", "properties": { "id_celula": 14136 }, "geometry": { "type": "Polygon", "coordinates": [ [ [ -47.689082678496391, -15.620085638318455 ], [ -47.684423281729671, -15.620142692914524 ], [ -47.684364467691097, -15.615627317136733 ], [ -47.689023762673052, -15.615570279848518 ], [ -47.689082678496391, -15.620085638318455 ] ] ] } },
{ "type": "Feature", "properties": { "id_celula": 14137 }, "geometry": { "type": "Polygon", "coordinates": [ [ [ -47.689023762673052, -15.615570279848518 ], [ -47.684364467691097, -15.615627317136733 ], [ -47.684305672807618, -15.611111939289325 ], [ -47.688964866037949, -15.611054919308231 ], [ -47.689023762673052, -15.615570279848518 ] ] ] } },
{ "type": "Feature", "properties": { "id_celula": 14138 }, "geometry": { "type": "Polygon", "coordinates": [ [ [ -47.688964866037949, -15.611054919308231 ], [ -47.684305672807618, -15.611111939289325 ], [ -47.684246897077266, -15.606596559372838 ], [ -47.688905988589092, -15.606539556698142 ], [ -47.688964866037949, -15.611054919308231 ] ] ] } },
{ "type": "Feature", "properties": { "id_celula": 14140 }, "geometry": { "type": "Polygon", "coordinates": [ [ [ -47.688847130324504, -15.602024192018813 ], [ -47.684188140498065, -15.602081177387836 ], [ -47.684129403068034, -15.597565793334885 ], [ -47.688788291242226, -15.597508825270797 ], [ -47.688847130324504, -15.602024192018813 ] ] ] } },
{ "type": "Feature", "properties": { "id_celula": 14154 }, "geometry": { "type": "Polygon", "coordinates": [ [ [ -47.688025127864307, -15.538808869549268 ], [ -47.683367558157073, -15.538865612715266 ], [ -47.683309088608901, -15.534350199769275 ], [ -47.687966557127211, -15.534293473898062 ], [ -47.688025127864307, -15.538808869549268 ] ] ] } },
{ "type": "Feature", "properties": { "id_celula": 14254 }, "geometry": { "type": "Polygon", "coordinates": [ [ [ -47.684364467691097, -15.615627317136733 ], [ -47.679705153554046, -15.615684255783423 ], [ -47.679646460424173, -15.611168860658802 ], [ -47.684305672807618, -15.611111939289325 ], [ -47.684364467691097, -15.615627317136733 ] ] ] } },
{ "type": "Feature", "properties": { "id_celula": 14256 }, "geometry": { "type": "Polygon", "coordinates": [ [ [ -47.684246897077266, -15.606596559372838 ], [ -47.679587786414295, -15.606653463465841 ], [ -47.679529131522436, -15.602138064205093 ], [ -47.684188140498065, -15.602081177387836 ], [ -47.684246897077266, -15.606596559372838 ] ] ] } },
{ "type": "Feature", "properties": { "id_celula": 14368 }, "geometry": { "type": "Polygon", "coordinates": [ [ [ -47.679881347683349, -15.629230428741666 ], [ -47.675221708958816, -15.629287320491191 ], [ -47.675163060312101, -15.624771914325475 ], [ -47.679822597181669, -15.624715039825411 ], [ -47.679881347683349, -15.629230428741666 ] ] ] } },
{ "type": "Feature", "properties": { "id_celula": 14369 }, "geometry": { "type": "Polygon", "coordinates": [ [ [ -47.679822597181669, -15.624715039825411 ], [ -47.675163060312101, -15.624771914325475 ], [ -47.675104430758168, -15.620256506090474 ], [ -47.679763865805889, -15.62019964883914 ], [ -47.679822597181669, -15.624715039825411 ] ] ] } },
{ "type": "Feature", "properties": { "id_celula": 14370 }, "geometry": { "type": "Polygon", "coordinates": [ [ [ -47.679763865805889, -15.62019964883914 ], [ -47.675104430758168, -15.620256506090474 ], [ -47.675045820295033, -15.615741095786749 ], [ -47.679705153554046, -15.615684255783423 ], [ -47.679763865805889, -15.62019964883914 ] ] ] } },
{ "type": "Feature", "properties": { "id_celula": 14371 }, "geometry": { "type": "Polygon", "coordinates": [ [ [ -47.679705153554046, -15.615684255783423 ], [ -47.675045820295033, -15.615741095786749 ], [ -47.674987228920727, -15.611225683414851 ], [ -47.679646460424173, -15.611168860658802 ], [ -47.679705153554046, -15.615684255783423 ] ] ] } },
{ "type": "Feature", "properties": { "id_celula": 14373 }, "geometry": { "type": "Polygon", "coordinates": [ [ [ -47.679587786414295, -15.606653463465841 ], [ -47.674928656633291, -15.606710268975336 ], [ -47.674870103430763, -15.602194852468758 ], [ -47.679529131522436, -15.602138064205093 ], [ -47.679587786414295, -15.606653463465841 ] ] ] } },
{ "type": "Feature", "properties": { "id_celula": 14483 }, "geometry": { "type": "Polygon", "coordinates": [ [ [ -47.675339063538409, -15.63831812661256 ], [ -47.670679201905806, -15.638374954068375 ], [ -47.670620616990888, -15.6338595348219 ], [ -47.67528037670025, -15.633802724587074 ], [ -47.675339063538409, -15.63831812661256 ] ] ] } },
{ "type": "Feature", "properties": { "id_celula": 14488 }, "geometry": { "type": "Polygon", "coordinates": [ [ [ -47.675045820295033, -15.615741095786749 ], [ -47.670386467947182, -15.615797837144896 ], [ -47.67032797833042, -15.611282407555638 ], [ -47.674987228920727, -15.611225683414851 ], [ -47.675045820295033, -15.615741095786749 ] ] ] } },
{ "type": "Feature", "properties": { "id_celula": 14607 }, "geometry": { "type": "Polygon", "coordinates": [ [ [ -47.670269507767394, -15.606766975899486 ], [ -47.665610339849714, -15.606823584236482 ], [ -47.665551990031716, -15.602308133328012 ], [ -47.670211056256143, -15.602251542177001 ], [ -47.670269507767394, -15.606766975899486 ] ] ] } },
{ "type": "Feature", "properties": { "id_celula": 14716 }, "geometry": { "type": "Polygon", "coordinates": [ [ [ -47.666077823229749, -15.642947117095574 ], [ -47.661417821538926, -15.643003764118127 ], [ -47.661359421477158, -15.638488312588249 ], [ -47.666019321207663, -15.638431682727543 ], [ -47.666077823229749, -15.642947117095574 ] ] ] } },
{ "type": "Feature", "properties": { "id_celula": 14719 }, "geometry": { "type": "Polygon", "coordinates": [ [ [ -47.665902374258657, -15.629400807783545 ], [ -47.661242678349339, -15.629457403322725 ], [ -47.661184335279366, -15.624941945588191 ], [ -47.665843929327821, -15.624885367208691 ], [ -47.665902374258657, -15.629400807783545 ] ] ] } },
{ "type": "Feature", "properties": { "id_celula": 14720 }, "geometry": { "type": "Polygon", "coordinates": [ [ [ -47.665843929327821, -15.624885367208691 ], [ -47.661184335279366, -15.624941945588191 ], [ -47.661126011202747, -15.620426485786542 ], [ -47.665785503423464, -15.620369924565994 ], [ -47.665843929327821, -15.624885367208691 ] ] ] } },
{ "type": "Feature", "properties": { "id_celula": 14824 }, "geometry": { "type": "Polygon", "coordinates": [ [ [ -47.661944277383824, -15.683642734700877 ], [ -47.657283337538885, -15.683699437113015 ], [ -47.657224868656549, -15.679183987088596 ], [ -47.661885706240689, -15.679127301814885 ], [ -47.661944277383824, -15.683642734700877 ] ] ] } },
{ "type": "Feature", "properties": { "id_celula": 14833 }, "geometry": { "type": "Polygon", "coordinates": [ [ [ -47.661417821538926, -15.643003764118127 ], [ -47.656757800846911, -15.643060312310467 ], [ -47.656699502747415, -15.638544843648672 ], [ -47.661359421477158, -15.638488312588249 ], [ -47.661417821538926, -15.643003764118127 ] ] ] } },
{ "type": "Feature", "properties": { "id_celula": 14837 }, "geometry": { "type": "Polygon", "coordinates": [ [ [ -47.661184335279366, -15.624941945588191 ], [ -47.65652472223757, -15.624998425257196 ], [ -47.65646649999065, -15.620482948326528 ], [ -47.661126011202747, -15.620426485786542 ], [ -47.661184335279366, -15.624941945588191 ] ] ] } },
{ "type": "Feature", "properties": { "id_celula": 14838 }, "geometry": { "type": "Polygon", "coordinates": [ [ [ -47.661126011202747, -15.620426485786542 ], [ -47.65646649999065, -15.620482948326528 ], [ -47.656408296701969, -15.615967469330021 ], [ -47.661067706117514, -15.615911023918347 ], [ -47.661126011202747, -15.620426485786542 ] ] ] } },
{ "type": "Feature", "properties": { "id_celula": 14839 }, "geometry": { "type": "Polygon", "coordinates": [ [ [ -47.661067706117514, -15.615911023918347 ], [ -47.656408296701969, -15.615967469330021 ], [ -47.656350112369587, -15.611451988268238 ], [ -47.66100942002172, -15.611395559984146 ], [ -47.661067706117514, -15.615911023918347 ] ] ] } },
{ "type": "Feature", "properties": { "id_celula": 14841 }, "geometry": { "type": "Polygon", "coordinates": [ [ [ -47.660951152913398, -15.6068800939845 ], [ -47.656291946991551, -15.60693650514173 ], [ -47.656233800565914, -15.602421019951048 ], [ -47.6608929047906, -15.602364625919968 ], [ -47.660951152913398, -15.6068800939845 ] ] ] } },
{ "type": "Feature", "properties": { "id_celula": 14941 }, "geometry": { "type": "Polygon", "coordinates": [ [ [ -47.657283337538885, -15.683699437113015 ], [ -47.652622378708273, -15.68375604042366 ], [ -47.652564012088703, -15.679240573290754 ], [ -47.657224868656549, -15.679183987088596 ], [ -47.657283337538885, -15.683699437113015 ] ] ] } },
{ "type": "Feature", "properties": { "id_celula": 14949 }, "geometry": { "type": "Polygon", "coordinates": [ [ [ -47.656816117914424, -15.647575778903663 ], [ -47.652155976256992, -15.647632245366671 ], [ -47.652097761186859, -15.643116761670772 ], [ -47.656757800846911, -15.643060312310467 ], [ -47.656816117914424, -15.647575778903663 ] ] ] } },
{ "type": "Feature", "properties": { "id_celula": 14950 }, "geometry": { "type": "Polygon", "coordinates": [ [ [ -47.656757800846911, -15.643060312310467 ], [ -47.652097761186859, -15.643116761670772 ], [ -47.652039565051609, -15.638601275906996 ], [ -47.656699502747415, -15.638544843648672 ], [ -47.656757800846911, -15.643060312310467 ] ] ] } },
{ "type": "Feature", "properties": { "id_celula": 14951 }, "geometry": { "type": "Polygon", "coordinates": [ [ [ -47.656699502747415, -15.638544843648672 ], [ -47.652039565051609, -15.638601275906996 ], [ -47.651981387849276, -15.634085788075884 ], [ -47.656641223614002, -15.634029372918821 ], [ -47.656699502747415, -15.638544843648672 ] ] ] } },
{ "type": "Feature", "properties": { "id_celula": 14955 }, "geometry": { "type": "Polygon", "coordinates": [ [ [ -47.65646649999065, -15.620482948326528 ], [ -47.651806969820292, -15.620539312184128 ], [ -47.651748868330117, -15.616023816089246 ], [ -47.656408296701969, -15.615967469330021 ], [ -47.65646649999065, -15.620482948326528 ] ] ] } },
{ "type": "Feature", "properties": { "id_celula": 14956 }, "geometry": { "type": "Polygon", "coordinates": [ [ [ -47.656408296701969, -15.615967469330021 ], [ -47.651748868330117, -15.616023816089246 ], [ -47.651690785763108, -15.611508317929802 ], [ -47.656350112369587, -15.611451988268238 ], [ -47.656408296701969, -15.615967469330021 ] ] ] } },
{ "type": "Feature", "properties": { "id_celula": 14958 }, "geometry": { "type": "Polygon", "coordinates": [ [ [ -47.656291946991551, -15.60693650514173 ], [ -47.65163272211732, -15.606992817706354 ], [ -47.651574677390784, -15.60247731541946 ], [ -47.656233800565914, -15.602421019951048 ], [ -47.656291946991551, -15.60693650514173 ] ] ] } },
{ "type": "Feature", "properties": { "id_celula": 14959 }, "geometry": { "type": "Polygon", "coordinates": [ [ [ -47.656233800565914, -15.602421019951048 ], [ -47.651574677390784, -15.60247731541946 ], [ -47.651516651581574, -15.597961811069668 ], [ -47.656175673090715, -15.59790553269676 ], [ -47.656233800565914, -15.602421019951048 ] ] ] } },
{ "type": "Feature", "properties": { "id_celula": 15059 }, "geometry": { "type": "Polygon", "coordinates": [ [ [ -47.652564012088703, -15.679240573290754 ], [ -47.647903136570314, -15.679297060419557 ], [ -47.647844891132813, -15.674781574136516 ], [ -47.652505664419671, -15.67472510408553 ], [ -47.652564012088703, -15.679240573290754 ] ] ] } },
{ "type": "Feature", "properties": { "id_celula": 15063 }, "geometry": { "type": "Polygon", "coordinates": [ [ [ -47.652330735096172, -15.661178684041536 ], [ -47.647670268304879, -15.661235102863394 ], [ -47.647612098517236, -15.656719608299532 ], [ -47.652272463209691, -15.656663206552608 ], [ -47.652330735096172, -15.661178684041536 ] ] ] } },
{ "type": "Feature", "properties": { "id_celula": 15064 }, "geometry": { "type": "Polygon", "coordinates": [ [ [ -47.652272463209691, -15.656663206552608 ], [ -47.647612098517236, -15.656719608299532 ], [ -47.647553947637164, -15.652204111666851 ], [ -47.652214210263949, -15.652147726994135 ], [ -47.652272463209691, -15.656663206552608 ] ] ] } },
{ "type": "Feature", "properties": { "id_celula": 15066 }, "geometry": { "type": "Polygon", "coordinates": [ [ [ -47.652155976256992, -15.647632245366671 ], [ -47.647495815662715, -15.647688612965903 ], [ -47.64743770259193, -15.643173112197227 ], [ -47.652097761186859, -15.643116761670772 ], [ -47.652155976256992, -15.647632245366671 ] ] ] } },
{ "type": "Feature", "properties": { "id_celula": 15067 }, "geometry": { "type": "Polygon", "coordinates": [ [ [ -47.652097761186859, -15.643116761670772 ], [ -47.64743770259193, -15.643173112197227 ], [ -47.647379608422881, -15.638657609361404 ], [ -47.652039565051609, -15.638601275906996 ], [ -47.652097761186859, -15.643116761670772 ] ] ] } },
{ "type": "Feature", "properties": { "id_celula": 15068 }, "geometry": { "type": "Polygon", "coordinates": [ [ [ -47.652039565051609, -15.638601275906996 ], [ -47.647379608422881, -15.638657609361404 ], [ -47.64732153315358, -15.634142104458965 ], [ -47.651981387849276, -15.634085788075884 ], [ -47.652039565051609, -15.638601275906996 ] ] ] } },
{ "type": "Feature", "properties": { "id_celula": 15069 }, "geometry": { "type": "Polygon", "coordinates": [ [ [ -47.651981387849276, -15.634085788075884 ], [ -47.64732153315358, -15.634142104458965 ], [ -47.647263476782108, -15.629626597490473 ], [ -47.651923229577918, -15.629570298178002 ], [ -47.651981387849276, -15.634085788075884 ] ] ] } },
{ "type": "Feature", "properties": { "id_celula": 15070 }, "geometry": { "type": "Polygon", "coordinates": [ [ [ -47.651923229577918, -15.629570298178002 ], [ -47.647263476782108, -15.629626597490473 ], [ -47.647205439306504, -15.625111088456482 ], [ -47.651865090235567, -15.625054806213898 ], [ -47.651923229577918, -15.629570298178002 ] ] ] } },
{ "type": "Feature", "properties": { "id_celula": 15071 }, "geometry": { "type": "Polygon", "coordinates": [ [ [ -47.651865090235567, -15.625054806213898 ], [ -47.647205439306504, -15.625111088456482 ], [ -47.647147420724821, -15.620595577357543 ], [ -47.651806969820292, -15.620539312184128 ], [ -47.651865090235567, -15.625054806213898 ] ] ] } },
{ "type": "Feature", "properties": { "id_celula": 15073 }, "geometry": { "type": "Polygon", "coordinates": [ [ [ -47.651748868330117, -15.616023816089246 ], [ -47.647089421035112, -15.616080064194211 ], [ -47.647031440235423, -15.611564548967033 ], [ -47.651690785763108, -15.611508317929802 ], [ -47.651748868330117, -15.616023816089246 ] ] ] } },
{ "type": "Feature", "properties": { "id_celula": 15075 }, "geometry": { "type": "Polygon", "coordinates": [ [ [ -47.65163272211732, -15.606992817706354 ], [ -47.646973478323822, -15.607049031676572 ], [ -47.646915535298348, -15.602533512323381 ], [ -47.651574677390784, -15.60247731541946 ], [ -47.65163272211732, -15.606992817706354 ] ] ] } },
{ "type": "Feature", "properties": { "id_celula": 15076 }, "geometry": { "type": "Polygon", "coordinates": [ [ [ -47.651574677390784, -15.60247731541946 ], [ -47.646915535298348, -15.602533512323381 ], [ -47.646857611157067, -15.598017990908016 ], [ -47.651516651581574, -15.597961811069668 ], [ -47.651574677390784, -15.60247731541946 ] ] ] } },
{ "type": "Feature", "properties": { "id_celula": 15155 }, "geometry": { "type": "Polygon", "coordinates": [ [ [ -47.649130663685398, -15.774121792974782 ], [ -47.644467614675222, -15.774178539200715 ], [ -47.644409074492444, -15.769663079474089 ], [ -47.649072020571516, -15.769606350311228 ], [ -47.649130663685398, -15.774121792974782 ] ] ] } },
{ "type": "Feature", "properties": { "id_celula": 15183 }, "geometry": { "type": "Polygon", "coordinates": [ [ [ -47.647495815662715, -15.647688612965903 ], [ -47.642835636164776, -15.647744881699538 ], [ -47.642777625095292, -15.643229363888038 ], [ -47.64743770259193, -15.643173112197227 ], [ -47.647495815662715, -15.647688612965903 ] ] ] } },
{ "type": "Feature", "properties": { "id_celula": 15184 }, "geometry": { "type": "Polygon", "coordinates": [ [ [ -47.64743770259193, -15.643173112197227 ], [ -47.642777625095292, -15.643229363888038 ], [ -47.642719632894377, -15.638713844010098 ], [ -47.647379608422881, -15.638657609361404 ], [ -47.64743770259193, -15.643173112197227 ] ] ] } },
{ "type": "Feature", "properties": { "id_celula": 15185 }, "geometry": { "type": "Polygon", "coordinates": [ [ [ -47.647379608422881, -15.638657609361404 ], [ -47.642719632894377, -15.638713844010098 ], [ -47.642661659560069, -15.634198322066263 ], [ -47.64732153315358, -15.634142104458965 ], [ -47.647379608422881, -15.638657609361404 ] ] ] } },
{ "type": "Feature", "properties": { "id_celula": 15186 }, "geometry": { "type": "Polygon", "coordinates": [ [ [ -47.64732153315358, -15.634142104458965 ], [ -47.642661659560069, -15.634198322066263 ], [ -47.64260370509043, -15.629682798057093 ], [ -47.647263476782108, -15.629626597490473 ], [ -47.64732153315358, -15.634142104458965 ] ] ] } },
{ "type": "Feature", "properties": { "id_celula": 15188 }, "geometry": { "type": "Polygon", "coordinates": [ [ [ -47.647205439306504, -15.625111088456482 ], [ -47.642545769483519, -15.625167271983148 ], [ -47.642487852737375, -15.620651743844961 ], [ -47.647147420724821, -15.620595577357543 ], [ -47.647205439306504, -15.625111088456482 ] ] ] } },
{ "type": "Feature", "properties": { "id_celula": 15189 }, "geometry": { "type": "Polygon", "coordinates": [ [ [ -47.647147420724821, -15.620595577357543 ], [ -47.642487852737375, -15.620651743844961 ], [ -47.64242995485008, -15.616136213643106 ], [ -47.647089421035112, -15.616080064194211 ], [ -47.647147420724821, -15.620595577357543 ] ] ] } },
{ "type": "Feature", "properties": { "id_celula": 15190 }, "geometry": { "type": "Polygon", "coordinates": [ [ [ -47.647089421035112, -15.616080064194211 ], [ -47.64242995485008, -15.616136213643106 ], [ -47.642372075819658, -15.611620681378126 ], [ -47.647031440235423, -15.611564548967033 ], [ -47.647089421035112, -15.616080064194211 ] ] ] } },
{ "type": "Feature", "properties": { "id_celula": 15191 }, "geometry": { "type": "Polygon", "coordinates": [ [ [ -47.647031440235423, -15.611564548967033 ], [ -47.642372075819658, -15.611620681378126 ], [ -47.642314215644184, -15.607105147050579 ], [ -47.646973478323822, -15.607049031676572 ], [ -47.647031440235423, -15.611564548967033 ] ] ] } },
{ "type": "Feature", "properties": { "id_celula": 15192 }, "geometry": { "type": "Polygon", "coordinates": [ [ [ -47.646973478323822, -15.607049031676572 ], [ -47.642314215644184, -15.607105147050579 ], [ -47.642256374321718, -15.602589610661013 ], [ -47.646915535298348, -15.602533512323381 ], [ -47.646973478323822, -15.607049031676572 ] ] ] } },
{ "type": "Feature", "properties": { "id_celula": 15193 }, "geometry": { "type": "Polygon", "coordinates": [ [ [ -47.646915535298348, -15.602533512323381 ], [ -47.642256374321718, -15.602589610661013 ], [ -47.642198551850313, -15.59807407220999 ], [ -47.646857611157067, -15.598017990908016 ], [ -47.646915535298348, -15.602533512323381 ] ] ] } },
{ "type": "Feature", "properties": { "id_celula": 15294 }, "geometry": { "type": "Polygon", "coordinates": [ [ [ -47.643184098930575, -15.674837945142274 ], [ -47.63852328784612, -15.674894217100984 ], [ -47.638465265726609, -15.670378694682544 ], [ -47.643125974608793, -15.670322439741044 ], [ -47.643184098930575, -15.674837945142274 ] ] ] } },
{ "type": "Feature", "properties": { "id_celula": 15300 }, "geometry": { "type": "Polygon", "coordinates": [ [ [ -47.642835636164776, -15.647744881699538 ], [ -47.63817543779632, -15.647801051565784 ], [ -47.638117528730092, -15.643285516741383 ], [ -47.642777625095292, -15.643229363888038 ], [ -47.642835636164776, -15.647744881699538 ] ] ] } },
{ "type": "Feature", "properties": { "id_celula": 15301 }, "geometry": { "type": "Polygon", "coordinates": [ [ [ -47.642777625095292, -15.643229363888038 ], [ -47.638117528730092, -15.643285516741383 ], [ -47.638059638499257, -15.638769979851265 ], [ -47.642719632894377, -15.638713844010098 ], [ -47.642777625095292, -15.643229363888038 ] ] ] } },
{ "type": "Feature", "properties": { "id_celula": 15302 }, "geometry": { "type": "Polygon", "coordinates": [ [ [ -47.642719632894377, -15.638713844010098 ], [ -47.638059638499257, -15.638769979851265 ], [ -47.63800176710189, -15.634254440895967 ], [ -47.642661659560069, -15.634198322066263 ], [ -47.642719632894377, -15.638713844010098 ] ] ] } },
{ "type": "Feature", "properties": { "id_celula": 15303 }, "geometry": { "type": "Polygon", "coordinates": [ [ [ -47.642661659560069, -15.634198322066263 ], [ -47.63800176710189, -15.634254440895967 ], [ -47.637943914536038, -15.629738899876052 ], [ -47.64260370509043, -15.629682798057093 ], [ -47.642661659560069, -15.634198322066263 ] ] ] } },
{ "type": "Feature", "properties": { "id_celula": 15305 }, "geometry": { "type": "Polygon", "coordinates": [ [ [ -47.642545769483519, -15.625167271983148 ], [ -47.637886080799753, -15.625223356792075 ], [ -47.637828265891109, -15.620707811644584 ], [ -47.642487852737375, -15.620651743844961 ], [ -47.642545769483519, -15.625167271983148 ] ] ] } },
{ "type": "Feature", "properties": { "id_celula": 15306 }, "geometry": { "type": "Polygon", "coordinates": [ [ [ -47.642487852737375, -15.620651743844961 ], [ -47.637828265891109, -15.620707811644584 ], [ -47.637770469808153, -15.616192264434135 ], [ -47.64242995485008, -15.616136213643106 ], [ -47.642487852737375, -15.620651743844961 ] ] ] } },
{ "type": "Feature", "properties": { "id_celula": 15307 }, "geometry": { "type": "Polygon", "coordinates": [ [ [ -47.64242995485008, -15.616136213643106 ], [ -47.637770469808153, -15.616192264434135 ], [ -47.637712692548945, -15.611676715161277 ], [ -47.642372075819658, -15.611620681378126 ], [ -47.64242995485008, -15.616136213643106 ] ] ] } },
{ "type": "Feature", "properties": { "id_celula": 15309 }, "geometry": { "type": "Polygon", "coordinates": [ [ [ -47.642314215644184, -15.607105147050579 ], [ -47.637654934111552, -15.607161163826563 ], [ -47.637597194494028, -15.602645610430553 ], [ -47.642256374321718, -15.602589610661013 ], [ -47.642314215644184, -15.607105147050579 ] ] ] } },
{ "type": "Feature", "properties": { "id_celula": 15310 }, "geometry": { "type": "Polygon", "coordinates": [ [ [ -47.642256374321718, -15.602589610661013 ], [ -47.637597194494028, -15.602645610430553 ], [ -47.637539473694439, -15.598130054973804 ], [ -47.642198551850313, -15.59807407220999 ], [ -47.642256374321718, -15.602589610661013 ] ] ] } },
{ "type": "Feature", "properties": { "id_celula": 15417 }, "geometry": { "type": "Polygon", "coordinates": [ [ [ -47.63817543779632, -15.647801051565784 ], [ -47.633515220590517, -15.647857122562824 ], [ -47.633457413529477, -15.643341570755464 ], [ -47.638117528730092, -15.643285516741383 ], [ -47.63817543779632, -15.647801051565784 ] ] ] } },
{ "type": "Feature", "properties": { "id_celula": 15418 }, "geometry": { "type": "Polygon", "coordinates": [ [ [ -47.638117528730092, -15.643285516741383 ], [ -47.633457413529477, -15.643341570755464 ], [ -47.633399625270684, -15.638826016883101 ], [ -47.638059638499257, -15.638769979851265 ], [ -47.638117528730092, -15.643285516741383 ] ] ] } },
{ "type": "Feature", "properties": { "id_celula": 15419 }, "geometry": { "type": "Polygon", "coordinates": [ [ [ -47.638059638499257, -15.638769979851265 ], [ -47.633399625270684, -15.638826016883101 ], [ -47.633341855812191, -15.634310460946278 ], [ -47.63800176710189, -15.634254440895967 ], [ -47.638059638499257, -15.638769979851265 ] ] ] } },
{ "type": "Feature", "properties": { "id_celula": 15420 }, "geometry": { "type": "Polygon", "coordinates": [ [ [ -47.63800176710189, -15.634254440895967 ], [ -47.633341855812191, -15.634310460946278 ], [ -47.633284105152065, -15.62979490294555 ], [ -47.637943914536038, -15.629738899876052 ], [ -47.63800176710189, -15.634254440895967 ] ] ] } },
{ "type": "Feature", "properties": { "id_celula": 15422 }, "geometry": { "type": "Polygon", "coordinates": [ [ [ -47.637886080799753, -15.625223356792075 ], [ -47.633226373288359, -15.625279342881479 ], [ -47.633168660219141, -15.62076378075461 ], [ -47.637828265891109, -15.620707811644584 ], [ -47.637886080799753, -15.625223356792075 ] ] ] } },
{ "type": "Feature", "properties": { "id_celula": 15423 }, "geometry": { "type": "Polygon", "coordinates": [ [ [ -47.637828265891109, -15.620707811644584 ], [ -47.633168660219141, -15.62076378075461 ], [ -47.633110965942471, -15.616248216565491 ], [ -47.637770469808153, -15.616192264434135 ], [ -47.637828265891109, -15.620707811644584 ] ] ] } },
{ "type": "Feature", "properties": { "id_celula": 15424 }, "geometry": { "type": "Polygon", "coordinates": [ [ [ -47.637770469808153, -15.616192264434135 ], [ -47.633110965942471, -15.616248216565491 ], [ -47.633053290456424, -15.611732650314682 ], [ -47.637712692548945, -15.611676715161277 ], [ -47.637770469808153, -15.616192264434135 ] ] ] } },
{ "type": "Feature", "properties": { "id_celula": 15534 }, "geometry": { "type": "Polygon", "coordinates": [ [ [ -47.633515220590517, -15.647857122562824 ], [ -47.628854984580535, -15.647913094688864 ], [ -47.628797279526623, -15.643397525928483 ], [ -47.633457413529477, -15.643341570755464 ], [ -47.633515220590517, -15.647857122562824 ] ] ] } },
{ "type": "Feature", "properties": { "id_celula": 15535 }, "geometry": { "type": "Polygon", "coordinates": [ [ [ -47.633457413529477, -15.643341570755464 ], [ -47.628797279526623, -15.643397525928483 ], [ -47.628739593241811, -15.638881955103813 ], [ -47.633399625270684, -15.638826016883101 ], [ -47.633457413529477, -15.643341570755464 ] ] ] } },
{ "type": "Feature", "properties": { "id_celula": 15536 }, "geometry": { "type": "Polygon", "coordinates": [ [ [ -47.633399625270684, -15.638826016883101 ], [ -47.628739593241811, -15.638881955103813 ], [ -47.628681925724131, -15.634366382215399 ], [ -47.633341855812191, -15.634310460946278 ], [ -47.633399625270684, -15.638826016883101 ] ] ] } },
{ "type": "Feature", "properties": { "id_celula": 15537 }, "geometry": { "type": "Polygon", "coordinates": [ [ [ -47.633341855812191, -15.634310460946278 ], [ -47.628681925724131, -15.634366382215399 ], [ -47.628624276971671, -15.629850807263793 ], [ -47.633284105152065, -15.62979490294555 ], [ -47.633341855812191, -15.634310460946278 ] ] ] } },
{ "type": "Feature", "properties": { "id_celula": 15540 }, "geometry": { "type": "Polygon", "coordinates": [ [ [ -47.633168660219141, -15.62076378075461 ], [ -47.628509035754625, -15.620819651173237 ], [ -47.628451443286195, -15.616304070035383 ], [ -47.633110965942471, -15.616248216565491 ], [ -47.633168660219141, -15.62076378075461 ] ] ] } },
{ "type": "Feature", "properties": { "id_celula": 15541 }, "geometry": { "type": "Polygon", "coordinates": [ [ [ -47.633110965942471, -15.616248216565491 ], [ -47.628451443286195, -15.616304070035383 ], [ -47.62839386957522, -15.611788486836552 ], [ -47.633053290456424, -15.611732650314682 ], [ -47.633110965942471, -15.616248216565491 ] ] ] } },
{ "type": "Feature", "properties": { "id_celula": 15542 }, "geometry": { "type": "Polygon", "coordinates": [ [ [ -47.633053290456424, -15.611732650314682 ], [ -47.62839386957522, -15.611788486836552 ], [ -47.628336314619787, -15.607272901577302 ], [ -47.632995633759045, -15.607217082002737 ], [ -47.633053290456424, -15.611732650314682 ] ] ] } },
{ "type": "Feature", "properties": { "id_celula": 15652 }, "geometry": { "type": "Polygon", "coordinates": [ [ [ -47.628797279526623, -15.643397525928483 ], [ -47.62413712675469, -15.643453382258643 ], [ -47.624079542445784, -15.6389377945116 ], [ -47.628739593241811, -15.638881955103813 ], [ -47.628797279526623, -15.643397525928483 ] ] ] } },
{ "type": "Feature", "properties": { "id_celula": 16406 }, "geometry": { "type": "Polygon", "coordinates": [ [ [ -47.599918874523318, -15.93730176443621 ], [ -47.595251890689894, -15.937358016672182 ], [ -47.595193813515131, -15.932842446260315 ], [ -47.59986069319627, -15.932786210783494 ], [ -47.599918874523318, -15.93730176443621 ] ] ] } },
{ "type": "Feature", "properties": { "id_celula": 16539 }, "geometry": { "type": "Polygon", "coordinates": [ [ [ -47.594324890101042, -15.865108639136327 ], [ -47.589659550101494, -15.865164522986449 ], [ -47.589601874353065, -15.860648902422342 ], [ -47.59426711073214, -15.860593035289858 ], [ -47.594324890101042, -15.865108639136327 ] ] ] } },
{ "type": "Feature", "properties": { "id_celula": 17098 }, "geometry": { "type": "Polygon", "coordinates": [ [ [ -47.572493272347714, -15.982794188217461 ], [ -47.567825133761367, -15.982850001419521 ], [ -47.567767497162862, -15.978334352008071 ], [ -47.572435531251145, -15.97827855539216 ], [ -47.572493272347714, -15.982794188217461 ] ] ] } },
{ "type": "Feature", "properties": { "id_celula": 17986 }, "geometry": { "type": "Polygon", "coordinates": [ [ [ -47.535924960774253, -15.6715912484469 ], [ -47.531263826804889, -15.671645225502909 ], [ -47.531208173952351, -15.667129317901635 ], [ -47.535869205708678, -15.667075357173276 ], [ -47.535924960774253, -15.6715912484469 ] ] ] } },
{ "type": "Feature", "properties": { "id_celula": 18694 }, "geometry": { "type": "Polygon", "coordinates": [ [ [ -47.507627304511153, -15.644817661391503 ], [ -47.502966675384485, -15.644870947186904 ], [ -47.502911743117998, -15.640354929967918 ], [ -47.507572270219597, -15.640301660316332 ], [ -47.507627304511153, -15.644817661391503 ] ] ] } },
{ "type": "Feature", "properties": { "id_celula": 19018 }, "geometry": { "type": "Polygon", "coordinates": [ [ [ -47.49512976237191, -15.766909781903516 ], [ -47.49046631234431, -15.766963204736895 ], [ -47.490411205620994, -15.76244719462974 ], [ -47.495074552720894, -15.762393787868689 ], [ -47.49512976237191, -15.766909781903516 ] ] ] } }
]
}
